0.1,0,0,0
0.1,0,0.2,0
0.1,0,0.3,0
0.1,0,0.4,0
0.1,0,0.5,0
0.1,0,0.6,0
0.1,0,0.7,0
0.1,0,0.8,0
0.1,0,0.9,0
0.1,0,1,0
0.1,0,0.1,0
1,1,1,52.7372428349503
1,1,0,52.7372428349503
1,1,0.1,54.7660018703424
1,1,0.9,54.7660018703424
1,1,0.2,56.4374599157819
1,1,0.8,56.4374599157819
0.9,1,1,57.4635517756316
0.9,1,0,57.4635517756316
1,1,0.7,57.6845559429552
1,1,0.3,57.6845559429552
1,0.9,0,58.0769067491152
1,0.9,1,58.0769067491152
1,1,0.6,58.4550101783202
1,1,0.4,58.4550101783202
1,1,0.5,58.7156216331334
0.9,1,0.9,59.8517564204684
0.9,1,0.1,59.8517564204684
1,0.9,0.1,60.5136900462784
1,0.9,0.9,60.5136900462784
0.9,1,0.8,61.8265036440832
0.9,1,0.2,61.8265036440833
0.8,1,0,62.4138074594806
0.8,1,1,62.4138074594806
1,0.9,0.8,62.5295227663073
1,0.9,0.2,62.5295227663073
0.9,1,0.7,63.3038390056768
0.9,1,0.3,63.3038390056768
0.9,0.9,1,63.8844908657639
1,0.8,0,63.8844908657639
0.9,0.9,0,63.8844908657639
1,0.8,1,63.8844908657639
1,0.9,0.3,64.0380984243995
1,0.9,0.7,64.0380984243995
0.9,1,0.4,64.2181378773059
0.9,1,0.6,64.2181378773059
0.9,1,0.5,64.5276736501189
1,0.9,0.6,64.9719345136048
1,0.9,0.4,64.9719345136048
0.8,1,0.9,65.2065532512381
0.8,1,0.1,65.2065532512381
1,0.9,0.5,65.2881183956993
1,0.8,0.1,66.802860848061
0.9,0.9,0.9,66.802860848061
1,0.8,0.9,66.802860848061
0.9,0.9,0.1,66.802860848061
0.7,1,0,67.4674684517726
0.7,1,1,67.4674684517726
0.8,1,0.8,67.5240704632558
0.8,1,0.2,67.5240704632558
1,0.8,0.8,69.2270927198597
0.9,0.9,0.2,69.2270927198597
1,0.8,0.2,69.2270927198597
0.9,0.9,0.8,69.2270927198597
0.8,1,0.7,69.2623626467439
0.8,1,0.3,69.2623626467439
0.8,0.9,1,70.093933218965
1,0.7,0,70.093933218965
0.8,0.9,0,70.093933218965
1,0.7,1,70.093933218965
0.8,1,0.4,70.3399821021479
0.8,1,0.6,70.3399821021479
0.7,1,0.9,70.7021645353678
0.7,1,0.1,70.7021645353679
0.8,1,0.5,70.705111718806
0.9,0.8,1,71.0166407578387
0.9,0.8,0,71.0166407578387
0.9,0.9,0.7,71.0467671267032
0.9,0.9,0.3,71.0467671267032
1,0.8,0.7,71.0467671267032
1,0.8,0.3,71.0467671267032
0.9,0.9,0.4,72.1753712508654
1,0.8,0.4,72.1753712508654
1,0.8,0.6,72.1753712508654
0.9,0.9,0.6,72.1753712508654
0.6,1,0,72.4483966106982
0.6,1,1,72.4483966106982
1,0.8,0.5,72.5578638868218
0.9,0.9,0.5,72.5578638868218
0.7,1,0.8,73.3956201082173
0.7,1,0.2,73.3956201082173
1,0.7,0.1,73.5696572300918
0.8,0.9,0.9,73.5696572300918
0.8,0.9,0.1,73.5696572300918
1,0.7,0.9,73.5696572300918
0.9,0.8,0.1,74.5788588544556
0.9,0.8,0.9,74.5788588544556
0.7,1,0.7,75.4208618636567
0.7,1,0.3,75.4208618636567
0.6,1,0.1,76.1466850737898
0.6,1,0.9,76.1466850737898
0.8,0.9,0.2,76.468702967282
0.8,0.9,0.8,76.468702967282
1,0.7,0.2,76.468702967282
1,0.7,0.8,76.468702967282
1,0.6,1,76.5734130346502
0.7,0.9,1,76.5734130346502
1,0.6,0,76.5734130346502
0.7,0.9,0,76.5734130346502
0.7,1,0.6,76.6783415684787
0.7,1,0.4,76.6783415684787
0.7,1,0.5,77.1047369951044
0.5,1,1,77.1232813646628
0.5,1,0,77.1232813646628
0.9,0.8,0.8,77.5517698190455
0.9,0.8,0.2,77.5517698190455
1,0.7,0.3,78.6511422994798
0.8,0.9,0.3,78.6511422994798
0.8,0.9,0.7,78.6511422994799
1,0.7,0.7,78.6511422994799
0.9,0.7,0,78.8227811424773
0.8,0.8,1,78.8227811424773
0.8,0.8,0,78.8227811424773
0.9,0.7,1,78.8227811424773
0.6,1,0.8,79.2358881627622
0.6,1,0.2,79.2358881627623
0.9,0.8,0.3,79.7907290342385
0.9,0.8,0.7,79.7907290342385
1,0.7,0.6,80.0072490909736
0.8,0.9,0.6,80.0072490909736
0.8,0.9,0.4,80.0072490909736
1,0.7,0.4,80.0072490909736
1,0.7,0.5,80.4672539559352
0.8,0.9,0.5,80.4672539559352
1,0.6,0.9,80.6762551065201
1,0.6,0.1,80.6762551065201
0.7,0.9,0.9,80.6762551065201
0.7,0.9,0.1,80.6762551065201
0.9,0.8,0.6,81.18231073306
0.9,0.8,0.4,81.18231073306
0.4,1,1,81.2126585160262
0.4,1,0,81.2126585160262
0.5,1,0.9,81.2814433942038
0.5,1,0.1,81.2814433942038
0.6,1,0.7,81.5638722152293
0.6,1,0.3,81.5638722152293
0.9,0.8,0.5,81.6544064429292
0.6,1,0.6,83.0113439825655
0.6,1,0.4,83.0113439825655
0.6,0.9,0,83.1056103095599
0.6,0.9,1,83.1056103095599
1,0.5,1,83.1056103095599
1,0.5,0,83.1056103095599
0.8,0.8,0.1,83.1539759051892
0.9,0.7,0.9,83.1539759051892
0.8,0.8,0.9,83.1539759051892
0.9,0.7,0.1,83.1539759051892
0.6,1,0.5,83.5024904184059
1,0.6,0.8,84.111807511894
0.7,0.9,0.2,84.111807511894
0.7,0.9,0.8,84.111807511894
1,0.6,0.2,84.111807511894
0.3,1,0,84.4190641647686
0.3,1,1,84.4190641647686
0.5,1,0.8,84.7644217221914
0.5,1,0.2,84.7644217221914
0.4,1,0.1,85.7923926531352
0.4,1,0.9,85.7923926531352
0,1,0,86.4717921606956
0,1,1,86.4717921606956
0.2,1,1,86.4717921606956
0.2,1,0,86.4717921606956
0.7,0.9,0.3,86.7051980579181
0.7,0.9,0.7,86.7051980579181
1,0.6,0.3,86.7051980579181
1,0.6,0.7,86.7051980579181
0.8,0.8,0.2,86.7853894552416
0.8,0.8,0.8,86.7853894552416
0.9,0.7,0.8,86.7853894552416
0.9,0.7,0.2,86.7853894552416
0.1,1,1,87.1791961371168
0.7,0.8,0,87.1791961371168
0.1,1,0,87.1791961371168
0.9,0.6,1,87.1791961371168
0.7,0.8,1,87.1791961371168
0.9,0.6,0,87.1791961371168
0.5,1,0.3,87.394182585435
0.5,1,0.7,87.3941825854351
1,0.5,0.1,87.8864986107054
1,0.5,0.9,87.8864986107054
0.6,0.9,0.1,87.8864986107054
0.6,0.9,0.9,87.8864986107054
1,0.6,0.4,88.3193755615111
1,0.6,0.6,88.3193755615111
0.7,0.9,0.6,88.3193755615111
0.7,0.9,0.4,88.3193755615111
0.8,0.7,1,88.6305940789091
0.8,0.7,0,88.6305940789091
0.7,0.9,0.5,88.8673561349246
1,0.6,0.5,88.8673561349246
0.5,1,0.6,89.0312130362408
0.5,1,0.4,89.0312130362408
0.3,1,0.1,89.3417405481312
0.3,1,0.9,89.3417405481312
1,0.4,0,89.3752435498308
0.5,0.9,1,89.3752435498308
0.5,0.9,0,89.3752435498308
1,0.4,1,89.3752435498308
0.9,0.7,0.7,89.5290221437927
0.9,0.7,0.3,89.5290221437927
0.8,0.8,0.3,89.5290221437927
0.8,0.8,0.7,89.5290221437927
0.5,1,0.5,89.5869857380636
0.4,1,0.8,89.637250328701
0.4,1,0.2,89.637250328701
0.8,0.8,0.4,91.2376134852778
0.8,0.8,0.6,91.2376134852778
0.9,0.7,0.4,91.2376134852778
0.9,0.7,0.6,91.2376134852778
0,1,0.1,91.6196701472498
0,1,0.9,91.6196701472498
0.2,1,0.1,91.6196701472498
0.2,1,0.9,91.6196701472498
0.8,0.8,0.5,91.8177873185192
0.9,0.7,0.5,91.8177873185192
0.6,0.9,0.8,91.9042961821189
1,0.5,0.8,91.9042961821189
0.6,0.9,0.2,91.9042961821189
1,0.5,0.2,91.9042961821189
0.9,0.6,0.9,92.4056967248212
0.1,1,0.9,92.4056967248212
0.7,0.8,0.1,92.4056967248212
0.1,1,0.1,92.4056967248212
0.9,0.6,0.1,92.4056967248212
0.7,0.8,0.9,92.4056967248212
0.4,1,0.3,92.5447206804342
0.4,1,0.7,92.5447206804342
0.3,1,0.8,93.4815342455626
0.3,1,0.2,93.4815342455626
0.8,0.7,0.1,94.0200258662912
0.8,0.7,0.9,94.0200258662912
0.4,1,0.6,94.3562972451609
0.4,1,0.4,94.3562972451609
1,0.4,0.1,94.8491103749983
0.5,0.9,0.1,94.8491103749983
1,0.4,0.9,94.8491103749983
0.5,0.9,0.9,94.8491103749983
0.6,0.9,0.3,94.9445859116169
0.6,0.9,0.7,94.9445859116169
1,0.5,0.3,94.9445859116169
1,0.5,0.7,94.9445859116169
0.4,1,0.5,94.9715897107134
1,0.3,0,94.9754246024855
0.4,0.9,0,94.9754246024855
1,0.3,1,94.9754246024855
0.4,0.9,1,94.9754246024855
0.9,0.5,0,95.835660478022
0.6,0.8,1,95.835660478022
0.9,0.5,1,95.835660478022
0.6,0.8,0,95.835660478022
0.2,1,0.8,95.9533822790717
0,1,0.8,95.9533822790717
0,1,0.2,95.9533822790717
0.2,1,0.2,95.9533822790717
0.3,1,0.7,96.6155526246494
0.3,1,0.3,96.6155526246494
0.9,0.6,0.8,96.8071517301511
0.1,1,0.2,96.8071517301511
0.9,0.6,0.2,96.8071517301511
0.1,1,0.8,96.8071517301511
0.7,0.8,0.8,96.8071517301511
0.7,0.8,0.2,96.8071517301511
1,0.5,0.4,96.8396667522343
0.6,0.9,0.4,96.8396667522343
0.6,0.9,0.6,96.8396667522343
1,0.5,0.6,96.8396667522343
1,0.5,0.5,97.4834359249661
0.6,0.9,0.5,97.4834359249661
0.8,0.7,0.8,98.5619312685642
0.8,0.7,0.2,98.5619312685642
0.3,1,0.4,98.5695680315046
0.3,1,0.6,98.5695680315046
0.3,1,0.5,99.2334353973786
0.2,1,0.3,99.2364386888594
0,1,0.7,99.2364386888594
0.2,1,0.7,99.2364386888594
0,1,0.3,99.2364386888594
0.7,0.7,1,99.4454138292458
1,0.2,0,99.4454138292458
0.7,0.7,0,99.4454138292458
0.3,0.9,0,99.4454138292458
0.8,0.6,0,99.4454138292458
0.3,0.9,1,99.4454138292458
1,0.2,1,99.4454138292458
0.8,0.6,1,99.4454138292458
0.5,0.9,0.2,99.4638341943042
1,0.4,0.2,99.4638341943042
0.5,0.9,0.8,99.4638341943042
1,0.4,0.8,99.4638341943042
0.1,1,0.3,100.142286234245
0.9,0.6,0.3,100.142286234245
0.7,0.8,0.7,100.142286234245
0.1,1,0.7,100.142286234245
0.7,0.8,0.3,100.142286234245
0.9,0.6,0.7,100.142286234245
0.4,0.9,0.9,101.102414766298
0.4,0.9,0.1,101.102414766298
1,0.3,0.1,101.102414766299
1,0.3,0.9,101.102414766299
0.2,1,0.4,101.284174510404
0,1,0.4,101.284174510404
0.2,1,0.6,101.284174510404
0,1,0.6,101.284174510404
0.2,1,0.5,101.980002817019
0,1,0.5,101.980002817019
0.8,0.7,0.3,102.005058637527
0.8,0.7,0.7,102.005058637527
0.6,0.8,0.9,102.06578644613
0.9,0.5,0.1,102.06578644613
0.9,0.5,0.9,102.06578644613
0.6,0.8,0.1,102.06578644613
0.9,0.6,0.4,102.222772389507
0.7,0.8,0.6,102.222772389507
0.9,0.6,0.6,102.222772389507
0.1,1,0.6,102.222772389507
0.1,1,0.4,102.222772389507
0.7,0.8,0.4,102.222772389507
0.2,0.9,0,102.344840914626
1,0.1,0,102.344840914626
0.2,0.9,1,102.344840914626
0,0.9,1,102.344840914626
1,0.1,1,102.344840914626
0,0.9,0,102.344840914626
0.9,0.6,0.5,102.929769198179
0.7,0.8,0.5,102.929769198179
0.1,1,0.5,102.929769198179
0.5,0.9,0.3,102.96296172686
1,0.4,0.7,102.96296172686
0.5,0.9,0.7,102.96296172686
1,0.4,0.3,102.96296172686
0.1,0.9,0,103.351017751035
1,0,0,103.351017751035
1,0,1,103.351017751035
0.1,0.9,1,103.351017751035
0.8,0.7,0.6,104.153460033889
0.8,0.7,0.4,104.153460033889
0.5,0.8,1,104.378113023007
0.5,0.8,0,104.378113023007
0.9,0.4,0,104.378113023007
0.9,0.4,1,104.378113023007
0.8,0.7,0.5,104.883616796339
1,0.4,0.4,105.146581420899
0.5,0.9,0.6,105.146581420899
0.5,0.9,0.4,105.146581420899
1,0.4,0.6,105.146581420899
0.5,0.9,0.5,105.888747745661
1,0.4,0.5,105.888747745661
0.8,0.6,0.1,106.116386091383
0.7,0.7,0.9,106.116386091383
0.3,0.9,0.9,106.116386091383
0.8,0.6,0.9,106.116386091383
0.7,0.7,0.1,106.116386091383
1,0.2,0.1,106.116386091383
1,0.2,0.9,106.116386091383
0.3,0.9,0.1,106.116386091383
0.4,0.9,0.8,106.28110324668
1,0.3,0.2,106.28110324668
0.4,0.9,0.2,106.28110324668
1,0.3,0.8,106.28110324668
0.6,0.8,0.8,107.333634206133
0.6,0.8,0.2,107.333634206133
0.9,0.5,0.8,107.333634206133
0.9,0.5,0.2,107.333634206133
0,0.9,0.1,109.379262928031
1,0.1,0.1,109.379262928031
0.2,0.9,0.1,109.379262928031
0,0.9,0.9,109.379262928031
0.2,0.9,0.9,109.379262928031
1,0.1,0.9,109.379262928031
1,0.3,0.3,110.214117206223
0.4,0.9,0.7,110.214117206223
1,0.3,0.7,110.214117206223
0.4,0.9,0.3,110.214117206223
1,0,0.1,110.513497430466
0.1,0.9,0.9,110.513497430466
1,0,0.9,110.513497430466
0.1,0.9,0.1,110.513497430466
0.6,0.7,0,111.020534765939
0.8,0.5,0,111.020534765939
0.8,0.5,1,111.020534765939
0.6,0.7,1,111.020534765939
0.6,0.8,0.7,111.335264293986
0.6,0.8,0.3,111.335264293986
0.9,0.5,0.3,111.335264293986
0.9,0.5,0.7,111.335264293986
0.9,0.4,0.9,111.672333363116
0.5,0.8,0.9,111.672333363116
0.5,0.8,0.1,111.672333363116
0.9,0.4,0.1,111.672333363116
0.8,0.6,0.8,111.765612557074
0.8,0.6,0.2,111.765612557074
1,0.2,0.8,111.765612557074
0.7,0.7,0.2,111.765612557074
0.7,0.7,0.8,111.765612557074
0.3,0.9,0.2,111.765612557074
0.3,0.9,0.8,111.765612557074
1,0.2,0.2,111.765612557074
0.4,0.8,0,112.215073316901
0.9,0.3,1,112.215073316901
0.4,0.8,1,112.215073316901
0.9,0.3,0,112.215073316901
0.4,0.9,0.6,112.670595529382
0.4,0.9,0.4,112.670595529382
1,0.3,0.6,112.670595529382
1,0.3,0.4,112.670595529382
0.7,0.6,0,113.436979204529
0.7,0.6,1,113.436979204529
1,0.3,0.5,113.505795790464
0.4,0.9,0.5,113.505795790464
0.6,0.8,0.4,113.834888175048
0.9,0.5,0.4,113.834888175048
0.9,0.5,0.6,113.834888175048
0.6,0.8,0.6,113.834888175048
0.6,0.8,0.5,114.684796822846
0.9,0.5,0.5,114.684796822846
0,0.9,0.2,115.343211287578
0,0.9,0.8,115.343211287578
0.2,0.9,0.8,115.343211287578
0.2,0.9,0.2,115.343211287578
1,0.1,0.8,115.343211287578
1,0.1,0.2,115.343211287578
0.8,0.6,0.7,116.06078541295
0.7,0.7,0.3,116.06078541295
0.7,0.7,0.7,116.06078541295
0.3,0.9,0.3,116.06078541295
0.3,0.9,0.7,116.06078541295
0.8,0.6,0.3,116.06078541295
1,0.2,0.7,116.06078541295
1,0.2,0.3,116.06078541295
1,0,0.8,116.588392008532
0.1,0.9,0.8,116.588392008532
1,0,0.2,116.588392008532
0.1,0.9,0.2,116.588392008532
0.9,0.4,0.8,117.861393742109
0.5,0.8,0.2,117.861393742109
0.5,0.8,0.8,117.861393742109
0.9,0.4,0.2,117.861393742109
0.3,0.8,1,118.618857167404
0.3,0.8,0,118.618857167404
0.9,0.2,0,118.618857167404
0.9,0.2,1,118.618857167404
0.8,0.6,0.4,118.74495847321
0.3,0.9,0.4,118.74495847321
0.8,0.6,0.6,118.74495847321
0.7,0.7,0.6,118.74495847321
0.7,0.7,0.4,118.74495847321
1,0.2,0.6,118.74495847321
1,0.2,0.4,118.74495847321
0.3,0.9,0.6,118.74495847321
0.8,0.5,0.1,119.191414188618
0.8,0.5,0.9,119.191414188618
0.6,0.7,0.9,119.191414188618
0.6,0.7,0.1,119.191414188618
0.7,0.7,0.5,119.657769929968
0.3,0.9,0.5,119.657769929968
0.8,0.6,0.5,119.657769929968
1,0.2,0.5,119.657769929968
1,0.1,0.3,119.880643704956
1,0.1,0.7,119.880643704956
0,0.9,0.7,119.880643704956
0.2,0.9,0.3,119.880643704956
0.2,0.9,0.7,119.880643704956
0,0.9,0.3,119.880643704956
0.4,0.8,0.9,120.548097087016
0.9,0.3,0.9,120.548097087016
0.4,0.8,0.1,120.548097087016
0.9,0.3,0.1,120.548097087016
1,0,0.7,121.211225867171
0.1,0.9,0.3,121.211225867171
0.1,0.9,0.7,121.211225867171
1,0,0.3,121.211225867171
0.7,0.6,0.1,121.937265192086
0.7,0.6,0.9,121.937265192086
0.5,0.8,0.3,122.572105513263
0.5,0.8,0.7,122.572105513263
0.9,0.4,0.3,122.572105513263
0.9,0.4,0.7,122.572105513263
0.2,0.9,0.4,122.717077200649
1,0.1,0.4,122.717077200649
0,0.9,0.6,122.717077200649
0,0.9,0.4,122.717077200649
0.2,0.9,0.6,122.717077200649
1,0.1,0.6,122.717077200649
0.2,0.8,1,122.846539964281
0.8,0.4,1,122.846539964281
0.5,0.7,1,122.846539964281
0.5,0.7,0,122.846539964281
0.9,0.1,0,122.846539964281
0.9,0.1,1,122.846539964281
0.2,0.8,0,122.846539964281
0,0.8,1,122.846539964281
0.8,0.4,0,122.846539964281
0,0.8,0,122.846539964281
1,0.1,0.5,123.681771345767
0.2,0.9,0.5,123.681771345767
0,0.9,0.5,123.681771345767
0.1,0.9,0.4,124.101321752305
0.1,0.9,0.6,124.101321752305
1,0,0.6,124.101321752305
1,0,0.4,124.101321752305
0.1,0.8,1,124.327684609274
0.9,0,0,124.327684609274
0.1,0.8,0,124.327684609274
0.9,0,1,124.327684609274
0.1,0.9,0.5,125.08429775011
1,0,0.5,125.08429775011
0.5,0.8,0.6,125.51741227495
0.9,0.4,0.4,125.51741227495
0.5,0.8,0.4,125.51741227495
0.9,0.4,0.6,125.51741227495
0.8,0.5,0.2,126.140819837462
0.8,0.5,0.8,126.140819837462
0.6,0.7,0.8,126.140819837462
0.6,0.7,0.2,126.140819837462
0.9,0.4,0.5,126.519195569274
0.5,0.8,0.5,126.519195569274
0.4,0.8,0.8,127.63823624621
0.4,0.8,0.2,127.63823624621
0.9,0.3,0.8,127.63823624621
0.9,0.3,0.2,127.63823624621
0.3,0.8,0.1,127.84411992568
0.3,0.8,0.9,127.84411992568
0.9,0.2,0.1,127.84411992568
0.9,0.2,0.9,127.84411992568
0.6,0.6,0,129.007877120621
0.7,0.5,1,129.007877120621
0.6,0.6,1,129.007877120621
0.7,0.5,0,129.007877120621
0.7,0.6,0.2,129.172607393446
0.7,0.6,0.8,129.172607393446
0.8,0.5,0.7,131.436679502708
0.8,0.5,0.3,131.436679502708
0.6,0.7,0.7,131.436679502708
0.6,0.7,0.3,131.436679502708
0.2,0.8,0.9,132.681846213613
0,0.8,0.9,132.681846213613
0,0.8,0.1,132.681846213613
0.2,0.8,0.1,132.681846213613
0.9,0.1,0.1,132.681846213613
0.9,0.1,0.9,132.681846213613
0.5,0.7,0.1,132.681846213613
0.8,0.4,0.9,132.681846213613
0.8,0.4,0.1,132.681846213613
0.5,0.7,0.9,132.681846213613
0.4,0.8,0.7,133.042365751421
0.9,0.3,0.7,133.042365751421
0.9,0.3,0.3,133.042365751421
0.4,0.8,0.3,133.042365751421
0.4,0.7,0,134.079463286471
0.4,0.7,1,134.079463286471
0.8,0.3,0,134.079463286471
0.8,0.3,1,134.079463286471
0.9,0,0.9,134.380621066566
0.1,0.8,0.1,134.380621066566
0.9,0,0.1,134.380621066566
0.1,0.8,0.9,134.380621066566
0.7,0.6,0.7,134.688429288361
0.7,0.6,0.3,134.688429288361
0.8,0.5,0.6,134.749384345454
0.6,0.7,0.6,134.749384345454
0.6,0.7,0.4,134.749384345454
0.8,0.5,0.4,134.749384345454
0.9,0.2,0.8,135.709093425641
0.3,0.8,0.8,135.709093425641
0.3,0.8,0.2,135.709093425641
0.9,0.2,0.2,135.709093425641
0.6,0.7,0.5,135.876259250056
0.8,0.5,0.5,135.876259250056
0.4,0.8,0.6,136.422999737785
0.9,0.3,0.4,136.422999737785
0.9,0.3,0.6,136.422999737785
0.4,0.8,0.4,136.422999737785
0.9,0.3,0.5,137.572990422179
0.4,0.8,0.5,137.572990422179
0.7,0.6,0.6,138.139121245644
0.7,0.6,0.4,138.139121245644
0.7,0.6,0.5,139.31294760784
0.6,0.6,0.1,139.761681086217
0.6,0.6,0.9,139.761681086217
0.7,0.5,0.1,139.761681086217
0.7,0.5,0.9,139.761681086217
0.2,0.8,0.2,141.076878592412
0.9,0.1,0.8,141.076878592412
0,0.8,0.8,141.076878592412
0.5,0.7,0.8,141.076878592412
0.8,0.4,0.2,141.076878592412
0,0.8,0.2,141.076878592412
0.2,0.8,0.8,141.076878592412
0.8,0.4,0.8,141.076878592412
0.5,0.7,0.2,141.076878592412
0.9,0.1,0.2,141.076878592412
0.9,0.2,0.7,141.7090111433
0.9,0.2,0.3,141.7090111433
0.3,0.8,0.3,141.7090111433
0.3,0.8,0.7,141.7090111433
0.9,0,0.8,142.964784680248
0.1,0.8,0.2,142.964784680248
0.9,0,0.2,142.964784680248
0.1,0.8,0.8,142.964784680248
0.8,0.2,0,143.553362648391
0.3,0.7,1,143.553362648391
0.8,0.2,1,143.553362648391
0.3,0.7,0,143.553362648391
0.3,0.8,0.4,145.463111936672
0.9,0.2,0.4,145.463111936672
0.3,0.8,0.6,145.463111936672
0.9,0.2,0.6,145.463111936672
0.4,0.7,0.1,145.615139490584
0.4,0.7,0.9,145.615139490584
0.8,0.3,0.1,145.615139490584
0.8,0.3,0.9,145.615139490584
0.7,0.4,0,145.62365754707
0.5,0.6,0,145.62365754707
0.5,0.6,1,145.62365754707
0.7,0.4,1,145.62365754707
0.9,0.2,0.5,146.740109980541
0.3,0.8,0.5,146.740109980541
0.5,0.7,0.7,147.483986885936
0.8,0.4,0.7,147.483986885936
0.9,0.1,0.3,147.483986885936
0.8,0.4,0.3,147.483986885936
0,0.8,0.7,147.483986885936
0.2,0.8,0.3,147.483986885936
0.2,0.8,0.7,147.483986885936
0.9,0.1,0.7,147.483986885936
0.5,0.7,0.3,147.483986885936
0,0.8,0.3,147.483986885936
0.6,0.6,0.2,148.954998030104
0.7,0.5,0.8,148.954998030104
0.6,0.6,0.8,148.954998030104
0.7,0.5,0.2,148.954998030104
0.1,0.8,0.7,149.517092947542
0.9,0,0.3,149.517092947542
0.9,0,0.7,149.517092947542
0.1,0.8,0.3,149.517092947542
0,0.7,1,149.963410666041
0,0.7,0,149.963410666041
0.6,0.5,0,149.963410666041
0.2,0.7,1,149.963410666041
0.8,0.1,0,149.963410666041
0.8,0.1,1,149.963410666041
0.6,0.5,1,149.963410666041
0.2,0.7,0,149.963410666041
0,0.8,0.6,151.492969059912
0.2,0.8,0.6,151.492969059912
0.5,0.7,0.4,151.492969059912
0.5,0.7,0.6,151.492969059912
0.8,0.4,0.6,151.492969059912
0.8,0.4,0.4,151.492969059912
0.2,0.8,0.4,151.492969059912
0,0.8,0.4,151.492969059912
0.9,0.1,0.6,151.492969059912
0.9,0.1,0.4,151.492969059912
0.8,0,1,152.239728895759
0.8,0,0,152.239728895759
0.1,0.7,0,152.239728895759
0.1,0.7,1,152.239728895759
0,0.8,0.5,152.856560835722
0.8,0.4,0.5,152.856560835722
0.5,0.7,0.5,152.856560835722
0.2,0.8,0.5,152.856560835722
0.9,0.1,0.5,152.856560835722
0.9,0,0.4,153.61688459393
0.9,0,0.6,153.61688459393
0.1,0.8,0.4,153.61688459393
0.1,0.8,0.6,153.61688459393
0.9,0,0.5,155.011310007839
0.1,0.8,0.5,155.011310007839
0.4,0.7,0.8,155.488023386697
0.8,0.3,0.8,155.488023386697
0.8,0.3,0.2,155.488023386697
0.4,0.7,0.2,155.488023386697
0.6,0.6,0.3,155.974600696547
0.7,0.5,0.7,155.974600696547
0.6,0.6,0.7,155.974600696547
0.7,0.5,0.3,155.974600696547
0.8,0.2,0.9,156.610968679485
0.3,0.7,0.9,156.610968679485
0.3,0.7,0.1,156.610968679485
0.8,0.2,0.1,156.610968679485
0.5,0.6,0.1,159.024342324015
0.7,0.4,0.1,159.024342324015
0.5,0.6,0.9,159.024342324015
0.7,0.4,0.9,159.024342324015
0.7,0.5,0.4,160.366342114387
0.7,0.5,0.6,160.366342114387
0.6,0.6,0.4,160.366342114387
0.6,0.6,0.6,160.366342114387
0.6,0.6,0.5,161.85982857921
0.7,0.5,0.5,161.85982857921
0.7,0.3,1,162.147004030579
0.7,0.3,0,162.147004030579
0.4,0.6,0,162.147004030579
0.4,0.6,1,162.147004030579
0.4,0.7,0.7,163.028202664183
0.8,0.3,0.7,163.028202664183
0.8,0.3,0.3,163.028202664183
0.4,0.7,0.3,163.028202664183
0.8,0.1,0.9,164.095321936269
0.2,0.7,0.1,164.095321936269
0.8,0.1,0.1,164.095321936269
0.6,0.5,0.9,164.095321936269
0,0.7,0.1,164.095321936269
0,0.7,0.9,164.095321936269
0.2,0.7,0.9,164.095321936269
0.6,0.5,0.1,164.095321936269
0.8,0,0.9,166.761676561242
0.1,0.7,0.1,166.761676561242
0.8,0,0.1,166.761676561242
0.1,0.7,0.9,166.761676561242
0.4,0.7,0.4,167.744606171705
0.8,0.3,0.4,167.744606171705
0.4,0.7,0.6,167.744606171705
0.8,0.3,0.6,167.744606171705
0.3,0.7,0.8,167.806164289429
0.8,0.2,0.2,167.806164289429
0.3,0.7,0.2,167.806164289429
0.8,0.2,0.8,167.806164289429
0.8,0.3,0.5,169.348124251381
0.4,0.7,0.5,169.348124251381
0.5,0.6,0.2,170.5174599479
0.7,0.4,0.8,170.5174599479
0.7,0.4,0.2,170.5174599479
0.5,0.6,0.8,170.5174599479
0.6,0.4,1,173.571565052706
0.5,0.5,0,173.571565052706
0.5,0.5,1,173.571565052706
0.6,0.4,0,173.571565052706
0.2,0.7,0.2,176.223151992703
0.6,0.5,0.8,176.223151992703
0.2,0.7,0.8,176.223151992703
0.8,0.1,0.2,176.223151992703
0.6,0.5,0.2,176.223151992703
0,0.7,0.2,176.223151992703
0,0.7,0.8,176.223151992703
0.8,0.1,0.8,176.223151992703
0.3,0.7,0.3,176.356720360996
0.3,0.7,0.7,176.356720360996
0.8,0.2,0.7,176.356720360996
0.8,0.2,0.3,176.356720360996
0.7,0.2,1,176.709275866138
0.3,0.6,0,176.709275866138
0.7,0.2,0,176.709275866138
0.3,0.6,1,176.709275866138
0.7,0.3,0.1,178.417887879177
0.7,0.3,0.9,178.417887879177
0.4,0.6,0.1,178.417887879177
0.4,0.6,0.9,178.417887879177
0.1,0.7,0.2,179.227892094001
0.1,0.7,0.8,179.227892094001
0.8,0,0.8,179.227892094001
0.8,0,0.2,179.227892094001
0.5,0.6,0.7,179.295140380447
0.7,0.4,0.3,179.295140380447
0.7,0.4,0.7,179.295140380447
0.5,0.6,0.3,179.295140380447
0.8,0.2,0.6,181.701351013174
0.8,0.2,0.4,181.701351013174
0.3,0.7,0.6,181.701351013175
0.3,0.7,0.4,181.701351013175
0.8,0.2,0.5,183.5173646099
0.3,0.7,0.5,183.5173646099
0.5,0.6,0.4,184.780621980978
0.7,0.4,0.6,184.780621980978
0.5,0.6,0.6,184.780621980978
0.7,0.4,0.4,184.780621980978
0.8,0.1,0.7,185.484027003364
0,0.7,0.7,185.484027003364
0.8,0.1,0.3,185.484027003364
0.6,0.5,0.7,185.484027003364
0.2,0.7,0.7,185.484027003364
0,0.7,0.3,185.484027003364
0.2,0.7,0.3,185.484027003364
0.6,0.5,0.3,185.484027003364
0.5,0.6,0.5,186.644197816717
0.7,0.4,0.5,186.644197816717
0.7,0.1,1,186.919684199939
0.7,0.1,0,186.919684199939
0,0.6,0,186.919684199939
0,0.6,1,186.919684199939
0.2,0.6,1,186.919684199939
0.2,0.6,0,186.919684199939
0.8,0,0.7,188.745977735373
0.1,0.7,0.7,188.745977735373
0.1,0.7,0.3,188.745977735373
0.8,0,0.3,188.745977735373
0.7,0,1,190.619712906998
0.1,0.6,1,190.619712906998
0.7,0,0,190.619712906998
0.1,0.6,0,190.619712906998
0,0.7,0.6,191.268685595371
0,0.7,0.4,191.268685595371
0.2,0.7,0.4,191.268685595371
0.2,0.7,0.6,191.268685595371
0.8,0.1,0.6,191.268685595371
0.6,0.5,0.4,191.268685595371
0.8,0.1,0.4,191.268685595371
0.6,0.5,0.6,191.268685595371
0.5,0.5,0.9,191.961250560004
0.6,0.4,0.1,191.961250560004
0.6,0.4,0.9,191.961250560004
0.5,0.5,0.1,191.961250560004
0.4,0.6,0.8,192.399667962187
0.7,0.3,0.2,192.399667962187
0.4,0.6,0.2,192.399667962187
0.7,0.3,0.8,192.399667962187
0,0.7,0.5,193.233184803497
0.6,0.5,0.5,193.233184803497
0.2,0.7,0.5,193.233184803497
0.8,0.1,0.5,193.233184803497
0.1,0.7,0.6,194.689621267908
0.8,0,0.6,194.689621267908
0.8,0,0.4,194.689621267908
0.1,0.7,0.4,194.689621267908
0.3,0.6,0.9,195.699699224396
0.3,0.6,0.1,195.699699224396
0.7,0.2,0.1,195.699699224396
0.7,0.2,0.9,195.699699224396
0.8,0,0.5,196.70769412598
0.1,0.7,0.5,196.707694125981
0.4,0.5,1,198.529940537181
0.6,0.3,0,198.529940537181
0.6,0.3,1,198.529940537181
0.4,0.5,0,198.529940537181
0.7,0.3,0.3,203.066162246895
0.4,0.6,0.3,203.066162246895
0.7,0.3,0.7,203.066162246895
0.4,0.6,0.7,203.066162246895
0.5,0.4,0,207.208681868466
0.5,0.4,1,207.208681868466
0.6,0.4,0.8,207.774386733044
0.5,0.5,0.2,207.774386733044
0.6,0.4,0.2,207.774386733044
0.5,0.5,0.8,207.774386733044
0.7,0.1,0.1,207.920230477886
0.2,0.6,0.1,207.920230477886
0.2,0.6,0.9,207.920230477886
0.7,0.1,0.9,207.920230477886
0,0.6,0.9,207.920230477886
0,0.6,0.1,207.920230477886
0.4,0.6,0.4,209.71725420119
0.7,0.3,0.6,209.71725420119
0.7,0.3,0.4,209.71725420119
0.4,0.6,0.6,209.71725420119
0.4,0.6,0.5,211.973211973972
0.7,0.3,0.5,211.973211973972
0.7,0.2,0.2,212.030982758695
0.7,0.2,0.8,212.030982758695
0.3,0.6,0.8,212.030982758695
0.3,0.6,0.2,212.030982758695
0.1,0.6,0.1,212.369344122462
0.1,0.6,0.9,212.369344122462
0.7,0,0.1,212.369344122462
0.7,0,0.9,212.369344122462
0.6,0.4,0.3,219.820179063886
0.5,0.5,0.3,219.820179063886
0.5,0.5,0.7,219.820179063886
0.6,0.4,0.7,219.820179063886
0.6,0.3,0.1,221.917438832432
0.4,0.5,0.1,221.917438832432
0.4,0.5,0.9,221.917438832432
0.6,0.3,0.9,221.917438832432
0.6,0.2,1,221.954530469072
0.3,0.5,0,221.954530469072
0.3,0.5,1,221.954530469072
0.6,0.2,0,221.954530469072
0.3,0.6,0.7,224.465253270871
0.7,0.2,0.3,224.465253270871
0.3,0.6,0.3,224.465253270871
0.7,0.2,0.7,224.465253270871
0,0.6,0.8,225.981359126562
0,0.6,0.2,225.981359126562
0.7,0.1,0.8,225.981359126562
0.7,0.1,0.2,225.981359126562
0.2,0.6,0.2,225.981359126562
0.2,0.6,0.8,225.981359126562
0.5,0.5,0.6,227.315504801755
0.6,0.4,0.6,227.315504801755
0.6,0.4,0.4,227.315504801755
0.5,0.5,0.4,227.315504801755
0.5,0.5,0.5,229.854207102526
0.6,0.4,0.5,229.854207102526
0.1,0.6,0.2,231.073467893677
0.1,0.6,0.8,231.073467893677
0.7,0,0.8,231.073467893677
0.7,0,0.2,231.073467893677
0.7,0.2,0.4,232.197235981818
0.3,0.6,0.6,232.197235981818
0.3,0.6,0.4,232.197235981818
0.7,0.2,0.6,232.197235981818
0.5,0.4,0.9,232.449632319956
0.5,0.4,0.1,232.449632319956
0.7,0.2,0.5,234.814966374077
0.3,0.6,0.5,234.814966374077
0.6,0.1,1,239.296400399842
0.6,0.1,0,239.296400399842
0.2,0.5,1,239.296400399842
0.2,0.5,0,239.296400399842
0,0.5,0,239.296400399842
0,0.5,1,239.296400399842
0,0.6,0.3,239.706657153734
0.2,0.6,0.7,239.706657153734
0.2,0.6,0.3,239.706657153734
0,0.6,0.7,239.706657153734
0.7,0.1,0.3,239.706657153734
0.7,0.1,0.7,239.706657153734
0.4,0.5,0.2,242.024150548883
0.6,0.3,0.8,242.024150548883
0.4,0.5,0.8,242.024150548883
0.6,0.3,0.2,242.024150548883
0.1,0.6,0.7,245.276267778586
0.7,0,0.7,245.276267778586
0.1,0.6,0.3,245.276267778586
0.7,0,0.3,245.276267778586
0.4,0.4,1,245.787015350288
0.6,0,0,245.787015350288
0.4,0.4,0,245.787015350288
0.1,0.5,0,245.787015350288
0.6,0,1,245.787015350288
0.1,0.5,1,245.787015350288
0.5,0.3,1,245.787015350288
0.5,0.3,0,245.787015350288
0.7,0.1,0.6,248.221454807708
0,0.6,0.6,248.221454807708
0.7,0.1,0.4,248.221454807708
0.2,0.6,0.4,248.221454807708
0.2,0.6,0.6,248.221454807708
0,0.6,0.4,248.221454807708
0.6,0.2,0.9,250.477952661153
0.3,0.5,0.1,250.477952661153
0.6,0.2,0.1,250.477952661153
0.3,0.5,0.9,250.477952661153
0,0.6,0.5,251.099846771812
0.2,0.6,0.5,251.099846771812
0.7,0.1,0.5,251.099846771812
0.1,0.6,0.6,254.079141884828
0.7,0,0.4,254.079141884828
0.7,0,0.6,254.079141884828
0.1,0.6,0.4,254.079141884828
0.5,0.4,0.8,254.137786162917
0.5,0.4,0.2,254.137786162917
0.1,0.6,0.5,257.05316219278
0.7,0,0.5,257.05316219278
0.4,0.5,0.3,257.263936650099
0.6,0.3,0.7,257.263936650099
0.6,0.3,0.3,257.263936650099
0.4,0.5,0.7,257.263936650099
0.6,0.3,0.6,266.689653938693
0.4,0.5,0.4,266.689653938693
0.4,0.5,0.6,266.689653938693
0.6,0.3,0.4,266.689653938693
0.4,0.5,0.5,269.86987380709
0.6,0.3,0.5,269.86987380709
0.5,0.4,0.3,270.53905680976
0.5,0.4,0.7,270.53905680976
0.6,0.1,0.1,271.890855210977
0.2,0.5,0.1,271.890855210977
0.2,0.5,0.9,271.890855210977
0.6,0.1,0.9,271.890855210977
0,0.5,0.1,271.890855210977
0,0.5,0.9,271.890855210977
0.3,0.5,0.8,274.950910122891
0.3,0.5,0.2,274.950910122891
0.6,0.2,0.2,274.950910122891
0.6,0.2,0.8,274.950910122891
0.4,0.4,0.9,279.962730860042
0.6,0,0.9,279.962730860042
0.1,0.5,0.1,279.962730860042
0.6,0,0.1,279.962730860042
0.5,0.3,0.9,279.962730860042
0.5,0.3,0.1,279.962730860042
0.4,0.4,0.1,279.962730860042
0.1,0.5,0.9,279.962730860042
0.5,0.4,0.6,280.657815063627
0.5,0.4,0.4,280.657815063627
0.5,0.4,0.5,284.066563031355
0.3,0.4,1,285.499104549753
0.5,0.2,1,285.499104549753
0.3,0.4,0,285.499104549753
0.5,0.2,0,285.499104549753
0.3,0.5,0.7,293.377035696212
0.6,0.2,0.3,293.377035696212
0.6,0.2,0.7,293.377035696212
0.3,0.5,0.3,293.377035696212
0,0.5,0.8,299.787675880467
0.6,0.1,0.8,299.787675880467
0.6,0.1,0.2,299.787675880467
0,0.5,0.2,299.787675880467
0.2,0.5,0.2,299.787675880467
0.2,0.5,0.8,299.787675880467
0.3,0.5,0.4,304.692186481805
0.6,0.2,0.4,304.692186481805
0.3,0.5,0.6,304.692186481805
0.6,0.2,0.6,304.692186481805
0.4,0.3,1,305.988579036237
0.4,0.3,0,305.988579036237
0.3,0.5,0.5,308.493125458651
0.6,0.2,0.5,308.493125458651
0.6,0,0.2,309.180152261141
0.5,0.3,0.2,309.180152261141
0.1,0.5,0.2,309.180152261141
0.1,0.5,0.8,309.180152261141
0.6,0,0.8,309.180152261141
0.5,0.3,0.8,309.180152261141
0.4,0.4,0.8,309.180152261141
0.4,0.4,0.2,309.180152261141
0,0.4,0,317.598494803074
0.2,0.4,0,317.598494803074
0.2,0.4,1,317.598494803074
0.5,0.1,0,317.598494803074
0,0.4,1,317.598494803074
0.5,0.1,1,317.598494803074
0.2,0.5,0.3,320.666811507361
0,0.5,0.3,320.666811507361
0.6,0.1,0.3,320.666811507361
0.2,0.5,0.7,320.666811507362
0.6,0.1,0.7,320.666811507362
0,0.5,0.7,320.666811507362
0.3,0.4,0.1,330.015545638562
0.5,0.2,0.1,330.015545638562
0.3,0.4,0.9,330.015545638562
0.5,0.2,0.9,330.015545638562
0.5,0,0,330.305461036903
0.5,0,1,330.305461036903
0.1,0.4,1,330.305461036903
0.1,0.4,0,330.305461036903
0.5,0.3,0.3,330.99452772035
0.6,0,0.7,330.99452772035
0.4,0.4,0.3,330.99452772035
0.4,0.4,0.7,330.99452772035
0.6,0,0.3,330.99452772035
0.1,0.5,0.7,330.99452772035
0.5,0.3,0.7,330.99452772035
0.1,0.5,0.3,330.99452772035
0,0.5,0.6,333.410853339625
0,0.5,0.4,333.410853339625
0.6,0.1,0.6,333.410853339625
0.6,0.1,0.4,333.410853339625
0.2,0.5,0.4,333.410853339625
0.2,0.5,0.6,333.410853339625
0.6,0.1,0.5,337.676256659074
0.2,0.5,0.5,337.676256659074
0,0.5,0.5,337.676256659074
0.5,0.3,0.6,344.277376406428
0.4,0.4,0.6,344.277376406428
0.4,0.4,0.4,344.277376406428
0.5,0.3,0.4,344.277376406428
0.6,0,0.6,344.277376406428
0.6,0,0.4,344.277376406428
0.1,0.5,0.6,344.277376406428
0.1,0.5,0.4,344.277376406428
0.4,0.4,0.5,348.716784548467
0.5,0.3,0.5,348.716784548467
0.1,0.5,0.5,348.716784548467
0.6,0,0.5,348.716784548467
0.4,0.3,0.9,356.27739238044
0.4,0.3,0.1,356.27739238044
0.5,0.2,0.8,367.736135026494
0.3,0.4,0.2,367.736135026494
0.5,0.2,0.2,367.736135026494
0.3,0.4,0.8,367.736135026494
0.5,0.1,0.9,371.28700434161
0.2,0.4,0.9,371.28700434161
0,0.4,0.1,371.28700434161
0.5,0.1,0.1,371.28700434161
0.2,0.4,0.1,371.28700434161
0,0.4,0.9,371.28700434161
0.3,0.3,0,377.04964528076
0.4,0.2,1,377.04964528076
0.3,0.3,1,377.04964528076
0.4,0.2,0,377.04964528076
0.1,0.4,0.9,387.820308245053
0.5,0,0.1,387.820308245053
0.5,0,0.9,387.820308245053
0.1,0.4,0.1,387.820308245053
0.3,0.4,0.7,395.426292850161
0.5,0.2,0.7,395.426292850161
0.5,0.2,0.3,395.426292850161
0.3,0.4,0.3,395.426292850161
0.4,0.3,0.2,398.642462087016
0.4,0.3,0.8,398.642462087016
0.5,0.2,0.6,412.018300119027
0.5,0.2,0.4,412.018300119027
0.3,0.4,0.4,412.018300119027
0.3,0.4,0.6,412.018300119027
0.2,0.4,0.2,416.353084566052
0.2,0.4,0.8,416.353084566052
0,0.4,0.8,416.353084566052
0,0.4,0.2,416.353084566052
0.5,0.1,0.2,416.353084566052
0.5,0.1,0.8,416.353084566052
0.3,0.4,0.5,417.51245209203
0.5,0.2,0.5,417.51245209203
0.4,0.3,0.3,429.435930617238
0.4,0.3,0.7,429.435930617238
0.5,0,0.8,435.895980685584
0.5,0,0.2,435.895980685584
0.1,0.4,0.8,435.895980685584
0.1,0.4,0.2,435.895980685584
0.4,0.1,0,443.8623656119
0.4,0.1,1,443.8623656119
0,0.3,0,443.8623656119
0.2,0.3,1,443.8623656119
0,0.3,1,443.8623656119
0.2,0.3,0,443.8623656119
0.4,0.3,0.4,447.722923474461
0.4,0.3,0.6,447.722923474461
0.5,0.1,0.7,448.917385467238
0.2,0.4,0.3,448.917385467238
0.5,0.1,0.3,448.917385467238
0.2,0.4,0.7,448.917385467238
0,0.4,0.3,448.917385467238
0,0.4,0.7,448.917385467238
0.3,0.3,0.9,449.568418519671
0.4,0.2,0.1,449.568418519671
0.3,0.3,0.1,449.568418519671
0.4,0.2,0.9,449.568418519671
0.4,0.3,0.5,453.747916818117
0.2,0.4,0.6,468.155405430107
0.5,0.1,0.4,468.155405430107
0,0.4,0.6,468.155405430107
0,0.4,0.4,468.155405430107
0.2,0.4,0.4,468.155405430107
0.5,0.1,0.6,468.155405430107
0.5,0,0.3,470.40449167231
0.1,0.4,0.7,470.40449167231
0.5,0,0.7,470.40449167231
0.1,0.4,0.3,470.40449167231
0.4,0,0,473.355626957301
0.4,0,1,473.355626957301
0.1,0.3,1,473.355626957301
0.1,0.3,0,473.355626957301
0,0.4,0.5,474.475428669617
0.5,0.1,0.5,474.475428669617
0.2,0.4,0.5,474.475428669617
0.1,0.4,0.4,490.673248543926
0.5,0,0.4,490.673248543926
0.1,0.4,0.6,490.673248543926
0.5,0,0.6,490.673248543926
0.1,0.4,0.5,497.310738437096
0.5,0,0.5,497.310738437096
0.3,0.2,1,508.275572325833
0.3,0.2,0,508.275572325833
0.3,0.3,0.8,509.13968856571
0.4,0.2,0.2,509.13968856571
0.4,0.2,0.8,509.13968856571
0.3,0.3,0.2,509.13968856571
0.2,0.3,0.9,540.273346533268
0.4,0.1,0.1,540.273346533268
0.2,0.3,0.1,540.273346533268
0,0.3,0.9,540.273346533268
0,0.3,0.1,540.273346533268
0.4,0.1,0.9,540.273346533268
0.4,0.2,0.3,550.801907159661
0.4,0.2,0.7,550.801907159661
0.3,0.3,0.3,550.801907159661
0.3,0.3,0.7,550.801907159661
0.4,0.2,0.4,574.744870925479
0.4,0.2,0.6,574.744870925479
0.3,0.3,0.6,574.744870925479
0.3,0.3,0.4,574.744870925479
0.1,0.3,0.1,581.194640914112
0.4,0,0.9,581.194640914112
0.1,0.3,0.9,581.194640914112
0.4,0,0.1,581.194640914112
0.3,0.3,0.5,582.494630188279
0.4,0.2,0.5,582.494630188279
0.4,0.1,0.8,617.187279647047
0.4,0.1,0.2,617.187279647047
0,0.3,0.2,617.187279647047
0.2,0.3,0.2,617.187279647047
0.2,0.3,0.8,617.187279647047
0,0.3,0.8,617.187279647047
0.3,0.2,0.9,630.319230751543
0.3,0.2,0.1,630.319230751543
0.4,0,0.2,666.0104562266
0.4,0,0.8,666.0104562266
0.1,0.3,0.8,666.0104562266
0.1,0.3,0.2,666.0104562266
0.4,0.1,0.3,668.874227800054
0.4,0.1,0.7,668.874227800055
0,0.3,0.3,668.874227800055
0.2,0.3,0.3,668.874227800055
0.2,0.3,0.7,668.874227800055
0,0.3,0.7,668.874227800055
0.3,0.1,0,670.550843230577
0.3,0.1,1,670.550843230577
0,0.2,0,670.550843230577
0,0.2,1,670.550843230577
0.2,0.2,0,670.550843230577
0.2,0.2,1,670.550843230577
0.4,0.1,0.4,697.665637443595
0.2,0.3,0.6,697.665637443595
0.2,0.3,0.4,697.665637443595
0.4,0.1,0.6,697.665637443595
0,0.3,0.4,697.665637443595
0,0.3,0.6,697.665637443595
0.2,0.3,0.5,706.837103464551
0,0.3,0.5,706.837103464551
0.4,0.1,0.5,706.837103464551
0.4,0,0.7,721.982000445687
0.1,0.3,0.3,721.982000445687
0.1,0.3,0.7,721.982000445687
0.4,0,0.3,721.982000445687
0.3,0.2,0.8,724.624443013114
0.3,0.2,0.2,724.624443013114
0.4,0,0.6,752.74425624441
0.1,0.3,0.4,752.74425624441
0.1,0.3,0.6,752.74425624441
0.4,0,0.4,752.74425624441
0.1,0.2,1,762.237425654484
0.1,0.2,0,762.237425654484
0.3,0,1,762.237425654484
0.3,0,0,762.237425654484
0.1,0.3,0.5,762.478851627991
0.4,0,0.5,762.478851627991
0.3,0.2,0.7,785.524639421733
0.3,0.2,0.3,785.524639421733
0.3,0.2,0.6,818.482651602015
0.3,0.2,0.4,818.482651602015
0.3,0.2,0.5,828.834727473863
0.2,0.2,0.9,867.625015782246
0.3,0.1,0.1,867.625015782246
0,0.2,0.1,867.625015782246
0,0.2,0.9,867.625015782246
0.2,0.2,0.1,867.625015782246
0.3,0.1,0.9,867.625015782246
0.3,0.1,0.8,1006.69923860596
0.2,0.2,0.2,1006.69923860596
0.3,0.1,0.2,1006.69923860596
0,0.2,0.2,1006.69923860596
0,0.2,0.8,1006.69923860596
0.2,0.2,0.8,1006.69923860596
0.3,0,0.9,1007.75511940658
0.1,0.2,0.1,1007.75511940658
0.1,0.2,0.9,1007.75511940658
0.3,0,0.1,1007.75511940658
0,0.2,0.7,1088.06329532261
0.3,0.1,0.7,1088.06329532261
0.2,0.2,0.3,1088.06329532261
0.3,0.1,0.3,1088.06329532261
0,0.2,0.3,1088.06329532261
0.2,0.2,0.7,1088.06329532261
0.2,0.1,1,1122.63126025451
0,0.1,0,1122.63126025451
0,0.1,1,1122.63126025451
0.2,0.1,0,1122.63126025451
0,0.2,0.6,1129.38549549587
0,0.2,0.4,1129.38549549587
0.3,0.1,0.4,1129.38549549587
0.2,0.2,0.4,1129.38549549587
0.3,0.1,0.6,1129.38549549587
0.2,0.2,0.6,1129.38549549587
0,0.2,0.5,1141.99641819901
0.3,0.1,0.5,1141.99641819901
0.2,0.2,0.5,1141.99641819901
0.3,0,0.2,1171.72478402134
0.1,0.2,0.8,1171.72478402134
0.3,0,0.8,1171.72478402134
0.1,0.2,0.2,1171.72478402134
0.3,0,0.7,1262.7861670256
0.3,0,0.3,1262.7861670256
0.1,0.2,0.7,1262.7861670256
0.1,0.2,0.3,1262.7861670256
0.1,0.2,0.6,1307.68794205675
0.3,0,0.6,1307.68794205675
0.3,0,0.4,1307.68794205675
0.1,0.2,0.4,1307.68794205675
0.1,0.2,0.5,1321.22184414761
0.3,0,0.5,1321.22184414761
0.2,0.1,0.9,1593.64995505367
0,0.1,0.9,1593.64995505367
0.2,0.1,0.1,1593.64995505367
0,0.1,0.1,1593.64995505367
0.2,0,1,1632.95171847715
0,0,0,1632.95171847715
0.1,0.1,1,1632.95171847715
0,0,1,1632.95171847715
0.2,0,0,1632.95171847715
0.1,0.1,0,1632.95171847715
0,0.1,0.8,1845.38587212553
0,0.1,0.2,1845.38587212553
0.2,0.1,0.8,1845.38587212553
0.2,0.1,0.2,1845.38587212553
0,0.1,0.7,1963.58292897575
0.2,0.1,0.7,1963.58292897575
0,0.1,0.3,1963.58292897575
0.2,0.1,0.3,1963.58292897575
0,0.1,0.4,2017.38201208894
0,0.1,0.6,2017.38201208894
0.2,0.1,0.6,2017.38201208894
0.2,0.1,0.4,2017.38201208894
0,0.1,0.5,2033.10228930333
0.2,0.1,0.5,2033.10228930333
0,0,0.1,2492.54636861048
0,0,0.9,2492.54636861048
0.2,0,0.9,2492.54636861048
0.1,0.1,0.1,2492.54636861048
0.2,0,0.1,2492.54636861048
0.1,0.1,0.9,2492.54636861048
0.1,0.1,0.8,2834.48495554687
0,0,0.2,2834.48495554687
0,0,0.8,2834.48495554687
0.1,0.1,0.2,2834.48495554687
0.2,0,0.2,2834.48495554687
0.2,0,0.8,2834.48495554687
0.2,0,0.3,2972.51899949378
0.1,0.1,0.7,2972.51899949378
0,0,0.3,2972.51899949378
0,0,0.7,2972.51899949378
0.2,0,0.7,2972.51899949378
0.1,0.1,0.3,2972.51899949378
0.2,0,0.4,3031.92649748361
0.1,0.1,0.6,3031.92649748361
0.1,0.1,0.4,3031.92649748361
0,0,0.6,3031.92649748361
0,0,0.4,3031.92649748361
0.2,0,0.6,3031.92649748361
0,0,0.5,3048.94970261794
0.1,0.1,0.5,3048.94970261794
0.2,0,0.5,3048.94970261794
