0,0,0,9107.504892
0,0,0.1,15486.01628
0,0,0.2,16843.56812
0,0,0.3,17309.00297
0,0,0.4,17500.17522
0,0,0.5,17554.13879
0,0,0.6,17500.17522
0,0,0.7,17309.00297
0,0,0.8,16843.56812
0,0,0.9,15486.01628
0,0,1,9107.504892
0,0.1,0,8813.164335
0,0.1,0.1,14318.01945
0,0.1,0.2,15861.22362
0,0.1,0.3,16439.72338
0,0.1,0.4,16683.9287
0,0.1,0.5,16753.48499
0,0.1,0.6,16683.9287
0,0.1,0.7,16439.72338
0,0.1,0.8,15861.22362
0,0.1,0.9,14318.01945
0,0.1,1,8813.164335
0,0.2,0,3543.394824
0,0.2,0.1,4827.303618
0,0.2,0.2,5606.707972
0,0.2,0.3,6010.403023
0,0.2,0.4,6203.116316
0,0.2,0.5,6260.487794
0,0.2,0.6,6203.116316
0,0.2,0.7,6010.403023
0,0.2,0.8,5606.707972
0,0.2,0.9,4827.303618
0,0.2,1,3543.394824
0,0.3,0,2102.755025
0,0.3,0.1,2624.005708
0,0.3,0.2,3020.72479
0,0.3,0.3,3272.952789
0,0.3,0.4,3408.184774
0,0.3,0.5,3450.491251
0,0.3,0.6,3408.184774
0,0.3,0.7,3272.952789
0,0.3,0.8,3020.72479
0,0.3,0.9,2624.005708
0,0.3,1,2102.755025
0,0.4,0,1435.18132
0,0.4,0.1,1702.334003
0,0.4,0.2,1922.874611
0,0.4,0.3,2078.325922
0,0.4,0.4,2168.281568
0,0.4,0.5,2197.509457
0,0.4,0.6,2168.281568
0,0.4,0.7,2078.325922
0,0.4,0.8,1922.874611
0,0.4,0.9,1702.334003
0,0.4,1,1435.18132
0,0.5,0,1053.936361
0,0.5,0.1,1209.00749
0,0.5,0.2,1340.99601
0,0.5,0.3,1438.716187
0,0.5,0.4,1497.747767
0,0.5,0.5,1517.387388
0,0.5,0.6,1497.747767
0,0.5,0.7,1438.716187
0,0.5,0.8,1340.99601
0,0.5,0.9,1209.00749
0,0.5,1,1053.936361
0,0.6,0,810.1292274
0,0.6,0.1,907.3086613
0,0.6,0.2,990.8099453
0,0.6,0.3,1053.997553
0,0.6,0.4,1093.012705
0,0.6,0.5,1106.162846
0,0.6,0.6,1093.012705
0,0.6,0.7,1053.997553
0,0.6,0.8,990.8099453
0,0.6,0.9,907.3086613
0,0.6,1,810.1292274
0,0.7,0,642.8066272
0,0.7,0.1,706.9778005
0,0.7,0.2,762.1095657
0,0.7,0.3,804.164258
0,0.7,0.4,830.3864416
0,0.7,0.5,839.2805858
0,0.7,0.6,830.3864416
0,0.7,0.7,804.164258
0,0.7,0.8,762.1095657
0,0.7,0.9,706.9778005
0,0.7,1,642.8066272
0,0.8,0,522.2997475
0,0.8,0.1,566.3462026
0,0.8,0.2,604.0156924
0,0.8,0.3,632.7784482
0,0.8,0.4,650.7705067
0,0.8,0.5,656.888141
0,0.8,0.6,650.7705067
0,0.8,0.7,632.7784482
0,0.8,0.8,604.0156924
0,0.8,0.9,566.3462026
0,0.8,1,522.2997475
0,0.9,0,432.3999845
0,0.9,0.1,463.5665695
0,0.9,0.2,490.0491068
0,0.9,0.3,510.2203045
0,0.9,0.4,522.8353021
0,0.9,0.5,527.1262502
0,0.9,0.6,522.8353021
0,0.9,0.7,510.2203045
0,0.9,0.8,490.0491068
0,0.9,0.9,463.5665695
0,0.9,1,432.3999845
0,1,0,363.4945929
0,1,0.1,386.105801
0,1,0.2,405.1833617
0,1,0.3,419.6560091
0,1,0.4,428.6899135
0,1,0.5,431.7606617
0,1,0.6,428.6899135
0,1,0.7,419.6560091
0,1,0.8,405.1833617
0,1,0.9,386.105801
0,1,1,363.4945929
0.1,0,0,8813.164335
0.1,0,0.1,14318.01945
0.1,0,0.2,15861.22362
0.1,0,0.3,16439.72338
0.1,0,0.4,16683.9287
0.1,0,0.5,16753.48499
0.1,0,0.6,16683.9287
0.1,0,0.7,16439.72338
0.1,0,0.8,15861.22362
0.1,0,0.9,14318.01945
0.1,0,1,8813.164335
0.1,0.1,0,6375.551602
0.1,0.1,0.1,9758.579842
0.1,0.1,0.2,11055.29507
0.1,0.1,0.3,11588.98873
0.1,0.1,0.4,11821.2112
0.1,0.1,0.5,11888.03408
0.1,0.1,0.6,11821.2112
0.1,0.1,0.7,11588.98873
0.1,0.1,0.8,11055.29507
0.1,0.1,0.9,9758.579842
0.1,0.1,1,6375.551602
0.1,0.2,0,3256.843448
0.1,0.2,0.1,4369.142938
0.1,0.2,0.2,5076.435773
0.1,0.2,0.3,5456.17945
0.1,0.2,0.4,5640.712598
0.1,0.2,0.5,5696.038441
0.1,0.2,0.6,5640.712598
0.1,0.2,0.7,5456.17945
0.1,0.2,0.8,5076.435773
0.1,0.2,0.9,4369.142938
0.1,0.2,1,3256.843448
0.1,0.3,0,2023.721066
0.1,0.3,0.1,2511.3127
0.1,0.3,0.2,2886.442502
0.1,0.3,0.3,3127.932213
0.1,0.3,0.4,3258.507265
0.1,0.3,0.5,3299.519564
0.1,0.3,0.6,3258.507265
0.1,0.3,0.7,3127.932213
0.1,0.3,0.8,2886.442502
0.1,0.3,0.9,2511.3127
0.1,0.3,1,2023.721066
0.1,0.4,0,1403.627082
0.1,0.4,0.1,1660.55468
0.1,0.4,0.2,1873.307821
0.1,0.4,0.3,2023.947451
0.1,0.4,0.4,2111.443698
0.1,0.4,0.5,2139.928682
0.1,0.4,0.6,2111.443698
0.1,0.4,0.7,2023.947451
0.1,0.4,0.8,1873.307821
0.1,0.4,0.9,1660.55468
0.1,0.4,1,1403.627082
0.1,0.5,0,1038.51383
0.1,0.5,0.1,1189.594279
0.1,0.5,0.2,1318.29842
0.1,0.5,0.3,1413.745235
0.1,0.5,0.4,1471.494139
0.1,0.5,0.5,1490.724444
0.1,0.5,0.6,1471.494139
0.1,0.5,0.7,1413.745235
0.1,0.5,0.8,1318.29842
0.1,0.5,0.9,1189.594279
0.1,0.5,1,1038.51383
0.1,0.6,0,801.5832602
0.1,0.6,0.1,896.9403145
0.1,0.6,0.2,978.887302
0.1,0.6,0.3,1040.933885
0.1,0.6,0.4,1079.268402
0.1,0.6,0.5,1092.194129
0.1,0.6,0.6,1079.268402
0.1,0.6,0.7,1040.933885
0.1,0.6,0.8,978.887302
0.1,0.6,0.9,896.9403145
0.1,0.6,1,801.5832602
0.1,0.7,0,637.6514239
0.1,0.7,0.1,700.897384
0.1,0.7,0.2,755.2282373
0.1,0.7,0.3,796.6774531
0.1,0.7,0.4,822.5275461
0.1,0.7,0.5,831.2967575
0.1,0.7,0.6,822.5275461
0.1,0.7,0.7,796.6774531
0.1,0.7,0.8,755.2282373
0.1,0.7,0.9,700.897384
0.1,0.7,1,637.6514239
0.1,0.8,0,518.9935355
0.1,0.8,0.1,562.5331841
0.1,0.8,0.2,599.7622464
0.1,0.8,0.3,628.1876032
0.1,0.8,0.4,645.9692145
0.1,0.8,0.5,652.0155191
0.1,0.8,0.6,645.9692145
0.1,0.8,0.7,628.1876032
0.1,0.8,0.8,599.7622464
0.1,0.8,0.9,562.5331841
0.1,0.8,1,518.9935355
0.1,0.9,0,430.1788346
0.1,0.9,0.1,461.0513999
0.1,0.9,0.2,487.2789235
0.1,0.9,0.3,507.2538966
0.1,0.9,0.4,519.7457144
0.1,0.9,0.5,523.9947277
0.1,0.9,0.6,519.7457144
0.1,0.9,0.7,507.2538966
0.1,0.9,0.8,487.2789235
0.1,0.9,0.9,461.0513999
0.1,0.9,1,430.1788346
0.1,1,0,361.9467733
0.1,1,0.1,384.3794979
0.1,1,0.2,403.303019
0.1,1,0.3,417.6571809
0.1,1,0.4,426.6165757
0.1,1,0.5,429.6619188
0.1,1,0.6,426.6165757
0.1,1,0.7,417.6571809
0.1,1,0.8,403.303019
0.1,1,0.9,384.3794979
0.1,1,1,361.9467733
0.2,0,0,3543.394824
0.2,0,0.1,4827.303618
0.2,0,0.2,5606.707972
0.2,0,0.3,6010.403023
0.2,0,0.4,6203.116316
0.2,0,0.5,6260.487794
0.2,0,0.6,6203.116316
0.2,0,0.7,6010.403023
0.2,0,0.8,5606.707972
0.2,0,0.9,4827.303618
0.2,0,1,3543.394824
0.2,0.1,0,3256.843448
0.2,0.1,0.1,4369.142938
0.2,0.1,0.2,5076.435773
0.2,0.1,0.3,5456.17945
0.2,0.1,0.4,5640.712598
0.2,0.1,0.5,5696.038441
0.2,0.1,0.6,5640.712598
0.2,0.1,0.7,5456.17945
0.2,0.1,0.8,5076.435773
0.2,0.1,0.9,4369.142938
0.2,0.1,1,3256.843448
0.2,0.2,0,2398.156442
0.2,0.2,0.1,3053.787131
0.2,0.2,0.2,3531.572225
0.2,0.2,0.3,3821.569148
0.2,0.2,0.4,3972.500585
0.2,0.2,0.5,4019.085166
0.2,0.2,0.6,3972.500585
0.2,0.2,0.7,3821.569148
0.2,0.2,0.8,3531.572225
0.2,0.2,0.9,3053.787131
0.2,0.2,1,2398.156442
0.2,0.3,0,1717.00553
0.2,0.3,0.1,2082.88545
0.2,0.3,0.2,2375.655606
0.2,0.3,0.3,2573.429762
0.2,0.3,0.4,2684.129862
0.2,0.3,0.5,2719.488669
0.2,0.3,0.6,2684.129862
0.2,0.3,0.7,2573.429762
0.2,0.3,0.8,2375.655606
0.2,0.3,0.9,2082.88545
0.2,0.3,1,1717.00553
0.2,0.4,0,1267.584756
0.2,0.4,0.1,1482.356682
0.2,0.4,0.2,1662.392625
0.2,0.4,0.3,1792.269743
0.2,0.4,0.4,1868.911214
0.2,0.4,0.5,1894.076758
0.2,0.4,0.6,1868.911214
0.2,0.4,0.7,1792.269743
0.2,0.4,0.8,1662.392625
0.2,0.4,0.9,1482.356682
0.2,0.4,1,1267.584756
0.2,0.5,0,968.5243909
0.2,0.5,0.1,1102.043614
0.2,0.5,0.2,1216.190053
0.2,0.5,0.3,1301.444771
0.2,0.5,0.4,1353.382052
0.2,0.5,0.5,1370.746432
0.2,0.5,0.6,1353.382052
0.2,0.5,0.7,1301.444771
0.2,0.5,0.8,1216.190053
0.2,0.5,0.9,1102.043614
0.2,0.5,1,968.5243909
0.2,0.6,0,761.6824154
0.2,0.6,0.1,848.722117
0.2,0.6,0.2,923.5560563
0.2,0.6,0.3,980.3551587
0.2,0.6,0.4,1015.544239
0.2,0.6,0.5,1027.429837
0.2,0.6,0.6,1015.544239
0.2,0.6,0.7,980.3551587
0.2,0.6,0.8,923.5560563
0.2,0.6,0.9,848.722117
0.2,0.6,1,761.6824154
0.2,0.7,0,613.1611155
0.2,0.7,0.1,672.0889543
0.2,0.7,0.2,722.6787668
0.2,0.7,0.3,761.2940829
0.2,0.7,0.4,785.3988539
0.2,0.7,0.5,793.5812644
0.2,0.7,0.6,785.3988539
0.2,0.7,0.7,761.2940829
0.2,0.7,0.8,722.6787668
0.2,0.7,0.9,672.0889543
0.2,0.7,1,613.1611155
0.2,0.8,0,503.1076587
0.2,0.8,0.1,544.2468865
0.2,0.8,0.2,579.3899159
0.2,0.8,0.3,606.2160897
0.2,0.8,0.4,622.9993512
0.2,0.8,0.5,628.707074
0.2,0.8,0.6,622.9993512
0.2,0.8,0.7,606.2160897
0.2,0.8,0.8,579.3899159
0.2,0.8,0.9,544.2468865
0.2,0.8,1,503.1076587
0.2,0.9,0,419.4222551
0.2,0.9,0.1,448.8878738
0.2,0.9,0.2,473.8955079
0.2,0.9,0.3,492.931714
0.2,0.9,0.4,504.8340531
0.2,0.9,0.5,508.8823436
0.2,0.9,0.6,504.8340531
0.2,0.9,0.7,492.931714
0.2,0.9,0.8,473.8955079
0.2,0.9,0.9,448.8878738
0.2,0.9,1,419.4222551
0.2,1,0,354.4082195
0.2,1,0.1,375.980448
0.2,1,0.2,394.1616541
0.2,1,0.3,407.9449217
0.2,1,0.4,416.5453078
0.2,1,0.5,419.468236
0.2,1,0.6,416.5453078
0.2,1,0.7,407.9449217
0.2,1,0.8,394.1616541
0.2,1,0.9,375.980448
0.2,1,1,354.4082195
0.3,0,0,2102.755025
0.3,0,0.1,2624.005708
0.3,0,0.2,3020.72479
0.3,0,0.3,3272.952789
0.3,0,0.4,3408.184774
0.3,0,0.5,3450.491251
0.3,0,0.6,3408.184774
0.3,0,0.7,3272.952789
0.3,0,0.8,3020.72479
0.3,0,0.9,2624.005708
0.3,0,1,2102.755025
0.3,0.1,0,2023.721066
0.3,0.1,0.1,2511.3127
0.3,0.1,0.2,2886.442502
0.3,0.1,0.3,3127.932213
0.3,0.1,0.4,3258.507265
0.3,0.1,0.5,3299.519564
0.3,0.1,0.6,3258.507265
0.3,0.1,0.7,3127.932213
0.3,0.1,0.8,2886.442502
0.3,0.1,0.9,2511.3127
0.3,0.1,1,2023.721066
0.3,0.2,0,1717.00553
0.3,0.2,0.1,2082.88545
0.3,0.2,0.2,2375.655606
0.3,0.2,0.3,2573.429762
0.3,0.2,0.4,2684.129862
0.3,0.2,0.5,2719.488669
0.3,0.2,0.6,2684.129862
0.3,0.2,0.7,2573.429762
0.3,0.2,0.8,2375.655606
0.3,0.2,0.9,2082.88545
0.3,0.2,1,1717.00553
0.3,0.3,0,1373.780164
0.3,0.3,0.1,1621.212025
0.3,0.3,0.2,1826.670405
0.3,0.3,0.3,1972.750061
0.3,0.3,0.4,2057.893723
0.3,0.3,0.5,2085.664576
0.3,0.3,0.6,2057.893723
0.3,0.3,0.7,1972.750061
0.3,0.3,0.8,1826.670405
0.3,0.3,0.9,1621.212025
0.3,0.3,1,1373.780164
0.3,0.4,0,1086.483893
0.3,0.4,0.1,1250.13067
0.3,0.4,0.2,1389.142464
0.3,0.4,0.3,1491.687843
0.3,0.4,0.4,1553.423831
0.3,0.4,0.5,1573.923221
0.3,0.4,0.6,1553.423831
0.3,0.4,0.7,1491.687843
0.3,0.4,0.8,1389.142464
0.3,0.4,0.9,1250.13067
0.3,0.4,1,1086.483893
0.3,0.5,0,866.0469186
0.3,0.5,0.1,975.5074284
0.3,0.5,0.2,1069.440343
0.3,0.5,0.3,1140.231285
0.3,0.5,0.4,1183.750508
0.3,0.5,0.5,1198.379554
0.3,0.5,0.6,1183.750508
0.3,0.5,0.7,1140.231285
0.3,0.5,0.8,1069.440343
0.3,0.5,0.9,975.5074284
0.3,0.5,1,866.0469186
0.3,0.6,0,699.8587467
0.3,0.6,0.1,774.6430601
0.3,0.6,0.2,838.9424843
0.3,0.6,0.3,887.8947049
0.3,0.6,0.4,918.3345762
0.3,0.6,0.5,928.6404777
0.3,0.6,0.6,918.3345762
0.3,0.6,0.7,887.8947049
0.3,0.6,0.8,838.9424843
0.3,0.6,0.9,774.6430601
0.3,0.6,1,699.8587467
0.3,0.7,0,573.822812
0.3,0.7,0.1,626.0848689
0.3,0.7,0.2,670.8913564
0.3,0.7,0.3,705.1081486
0.3,0.7,0.4,726.4921668
0.3,0.7,0.5,733.7573129
0.3,0.7,0.6,726.4921668
0.3,0.7,0.7,705.1081486
0.3,0.7,0.8,670.8913564
0.3,0.7,0.9,626.0848689
0.3,0.7,1,573.822812
0.3,0.8,0,476.963196
0.3,0.8,0.1,514.2782844
0.3,0.8,0.2,546.0985784
0.3,0.8,0.3,570.3740325
0.3,0.8,0.4,585.5620768
0.3,0.8,0.5,590.7281527
0.3,0.8,0.6,585.5620768
0.3,0.8,0.7,570.3740325
0.3,0.8,0.8,546.0985784
0.3,0.8,0.9,514.2782844
0.3,0.8,1,476.963196
0.3,0.9,0,401.4132316
0.3,0.9,0.1,428.5866474
0.3,0.9,0.2,451.6084936
0.3,0.9,0.3,469.1163247
0.3,0.9,0.4,480.0584306
0.3,0.9,0.5,483.7796134
0.3,0.9,0.6,480.0584306
0.3,0.9,0.7,469.1163247
0.3,0.9,0.8,451.6084936
0.3,0.9,0.9,428.5866474
0.3,0.9,1,401.4132316
0.3,1,0,341.6271693
0.3,1,0.1,361.7740628
0.3,1,0.2,378.7269964
0.3,1,0.3,391.5660092
0.3,1,0.4,399.5726148
0.3,1,0.5,402.293062
0.3,1,0.6,399.5726148
0.3,1,0.7,391.5660092
0.3,1,0.8,378.7269964
0.3,1,0.9,361.7740628
0.3,1,1,341.6271693
0.4,0,0,1435.18132
0.4,0,0.1,1702.334003
0.4,0,0.2,1922.874611
0.4,0,0.3,2078.325922
0.4,0,0.4,2168.281568
0.4,0,0.5,2197.509457
0.4,0,0.6,2168.281568
0.4,0,0.7,2078.325922
0.4,0,0.8,1922.874611
0.4,0,0.9,1702.334003
0.4,0,1,1435.18132
0.4,0.1,0,1403.627082
0.4,0.1,0.1,1660.55468
0.4,0.1,0.2,1873.307821
0.4,0.1,0.3,2023.947451
0.4,0.1,0.4,2111.443698
0.4,0.1,0.5,2139.928682
0.4,0.1,0.6,2111.443698
0.4,0.1,0.7,2023.947451
0.4,0.1,0.8,1873.307821
0.4,0.1,0.9,1660.55468
0.4,0.1,1,1403.627082
0.4,0.2,0,1267.584756
0.4,0.2,0.1,1482.356682
0.4,0.2,0.2,1662.392625
0.4,0.2,0.3,1792.269743
0.4,0.2,0.4,1868.911214
0.4,0.2,0.5,1894.076758
0.4,0.2,0.6,1868.911214
0.4,0.2,0.7,1792.269743
0.4,0.2,0.8,1662.392625
0.4,0.2,0.9,1482.356682
0.4,0.2,1,1267.584756
0.4,0.3,0,1086.483893
0.4,0.3,0.1,1250.13067
0.4,0.3,0.2,1389.142464
0.4,0.3,0.3,1491.687843
0.4,0.3,0.4,1553.423831
0.4,0.3,0.5,1573.923221
0.4,0.3,0.6,1553.423831
0.4,0.3,0.7,1491.687843
0.4,0.3,0.8,1389.142464
0.4,0.3,0.9,1250.13067
0.4,0.3,1,1086.483893
0.4,0.4,0,908.4335714
0.4,0.4,0.1,1027.60549
0.4,0.4,0.2,1129.733725
0.4,0.4,0.3,1206.431732
0.4,0.4,0.4,1253.412725
0.4,0.4,0.5,1269.171188
0.4,0.4,0.6,1253.412725
0.4,0.4,0.7,1206.431732
0.4,0.4,0.8,1129.733725
0.4,0.4,0.9,1027.60549
0.4,0.4,1,908.4335714
0.4,0.5,0,754.2309044
0.4,0.5,0.1,839.7539554
0.4,0.5,0.2,913.2872704
0.4,0.5,0.3,969.1220356
0.4,0.5,0.4,1003.730204
0.4,0.5,0.5,1015.423133
0.4,0.5,0.6,1003.730204
0.4,0.5,0.7,969.1220356
0.4,0.5,0.8,913.2872704
0.4,0.5,0.9,839.7539554
0.4,0.5,1,754.2309044
0.4,0.6,0,627.6106427
0.4,0.6,0.1,689.0715808
0.4,0.6,0.2,741.8564542
0.4,0.6,0.3,782.1355598
0.4,0.6,0.4,807.2656807
0.4,0.6,0.5,815.7929691
0.4,0.6,0.6,807.2656807
0.4,0.6,0.7,782.1355598
0.4,0.6,0.8,741.8564542
0.4,0.6,0.9,689.0715808
0.4,0.6,1,627.6106427
0.4,0.7,0,525.654371
0.4,0.7,0.1,570.2180308
0.4,0.7,0.2,608.3369502
0.4,0.7,0.3,637.4438637
0.4,0.7,0.4,655.6504854
0.4,0.7,0.5,661.8408229
0.4,0.7,0.6,655.6504854
0.4,0.7,0.7,637.4438637
0.4,0.7,0.8,608.3369502
0.4,0.7,0.9,570.2180308
0.4,0.7,1,525.654371
0.4,0.8,0,443.8789934
0.4,0.8,0.1,476.5842743
0.4,0.8,0.2,504.4017972
0.4,0.8,0.3,525.6000475
0.4,0.8,0.4,538.8595498
0.4,0.8,0.5,543.3698535
0.4,0.8,0.6,538.8595498
0.4,0.8,0.7,525.6000475
0.4,0.8,0.8,504.4017972
0.4,0.8,0.9,476.5842743
0.4,0.8,1,443.8789934
0.4,0.9,0,378.0707449
0.4,0.9,0.1,402.3928626
0.4,0.9,0.2,422.9481359
0.4,0.9,0.3,438.5576723
0.4,0.9,0.4,448.3064632
0.4,0.9,0.5,451.6209387
0.4,0.9,0.6,448.3064632
0.4,0.9,0.7,438.5576723
0.4,0.9,0.8,422.9481359
0.4,0.9,0.9,402.3928626
0.4,0.9,1,378.0707449
0.4,1,0,324.7601323
0.4,1,0.1,343.0914208
0.4,1,0.2,358.482421
0.4,1,0.3,370.1215475
0.4,1,0.4,377.3737471
0.4,1,0.5,379.8369323
0.4,1,0.6,377.3737471
0.4,1,0.7,370.1215475
0.4,1,0.8,358.482421
0.4,1,0.9,343.0914208
0.4,1,1,324.7601323
0.5,0,0,1053.936361
0.5,0,0.1,1209.00749
0.5,0,0.2,1340.99601
0.5,0,0.3,1438.716187
0.5,0,0.4,1497.747767
0.5,0,0.5,1517.387388
0.5,0,0.6,1497.747767
0.5,0,0.7,1438.716187
0.5,0,0.8,1340.99601
0.5,0,0.9,1209.00749
0.5,0,1,1053.936361
0.5,0.1,0,1038.51383
0.5,0.1,0.1,1189.594279
0.5,0.1,0.2,1318.29842
0.5,0.1,0.3,1413.745235
0.5,0.1,0.4,1471.494139
0.5,0.1,0.5,1490.724444
0.5,0.1,0.6,1471.494139
0.5,0.1,0.7,1413.745235
0.5,0.1,0.8,1318.29842
0.5,0.1,0.9,1189.594279
0.5,0.1,1,1038.51383
0.5,0.2,0,968.5243909
0.5,0.2,0.1,1102.043614
0.5,0.2,0.2,1216.190053
0.5,0.2,0.3,1301.444771
0.5,0.2,0.4,1353.382052
0.5,0.2,0.5,1370.746432
0.5,0.2,0.6,1353.382052
0.5,0.2,0.7,1301.444771
0.5,0.2,0.8,1216.190053
0.5,0.2,0.9,1102.043614
0.5,0.2,1,968.5243909
0.5,0.3,0,866.0469186
0.5,0.3,0.1,975.5074284
0.5,0.3,0.2,1069.440343
0.5,0.3,0.3,1140.231285
0.5,0.3,0.4,1183.750508
0.5,0.3,0.5,1198.379554
0.5,0.3,0.6,1183.750508
0.5,0.3,0.7,1140.231285
0.5,0.3,0.8,1069.440343
0.5,0.3,0.9,975.5074284
0.5,0.3,1,866.0469186
0.5,0.4,0,754.2309044
0.5,0.4,0.1,839.7539554
0.5,0.4,0.2,913.2872704
0.5,0.4,0.3,969.1220356
0.5,0.4,0.4,1003.730204
0.5,0.4,0.5,1015.423133
0.5,0.4,0.6,1003.730204
0.5,0.4,0.7,969.1220356
0.5,0.4,0.8,913.2872704
0.5,0.4,0.9,839.7539554
0.5,0.4,1,754.2309044
0.5,0.5,0,648.0622052
0.5,0.5,0.1,713.1837705
0.5,0.5,0.2,769.1378007
0.5,0.5,0.3,811.8134083
0.5,0.5,0.4,838.4167297
0.5,0.5,0.5,847.4387545
0.5,0.5,0.6,838.4167297
0.5,0.5,0.7,811.8134083
0.5,0.5,0.8,769.1378007
0.5,0.5,0.9,713.1837705
0.5,0.5,1,648.0622052
0.5,0.6,0,554.2182862
0.5,0.6,0.1,603.2850524
0.5,0.6,0.2,645.3165279
0.5,0.6,0.3,677.4157814
0.5,0.6,0.4,697.4851191
0.5,0.6,0.5,704.3059958
0.5,0.6,0.6,697.4851191
0.5,0.6,0.7,677.4157814
0.5,0.6,0.8,645.3165279
0.5,0.6,0.9,603.2850524
0.5,0.6,1,554.2182862
0.5,0.7,0,474.235705
0.5,0.7,0.1,511.1611856
0.5,0.7,0.2,542.6430289
0.5,0.7,0.3,566.6584452
0.5,0.7,0.4,581.6836706
0.5,0.7,0.5,586.7944183
0.5,0.7,0.6,581.6836706
0.5,0.7,0.7,566.6584452
0.5,0.7,0.8,542.6430289
0.5,0.7,0.9,511.1611856
0.5,0.7,1,474.235705
0.5,0.8,0,407.235115
0.5,0.8,0.1,435.1409333
0.5,0.8,0.2,458.7970297
0.5,0.8,0.3,476.7930231
0.5,0.8,0.4,488.0418861
0.5,0.8,0.5,491.8675836
0.5,0.8,0.6,488.0418861
0.5,0.8,0.7,476.7930231
0.5,0.8,0.8,458.7970297
0.5,0.8,0.9,435.1409333
0.5,0.8,1,407.235115
0.5,0.9,0,351.4837442
0.5,0.9,0.1,372.7261721
0.5,0.9,0.2,390.623027
0.5,0.9,0.3,404.1876489
0.5,0.9,0.4,412.6505382
0.5,0.9,0.5,415.5265805
0.5,0.9,0.6,412.6505382
0.5,0.9,0.7,404.1876489
0.5,0.9,0.8,390.623027
0.5,0.9,0.9,372.7261721
0.5,0.9,1,351.4837442
0.5,1,0,305.129303
0.5,1,0.1,321.4426736
0.5,1,0.2,335.1017425
0.5,1,0.3,345.4119135
0.5,1,0.4,351.828897
0.5,1,0.5,354.0072858
0.5,1,0.6,351.828897
0.5,1,0.7,345.4119135
0.5,1,0.8,335.1017425
0.5,1,0.9,321.4426736
0.5,1,1,305.129303
0.6,0,0,810.1292274
0.6,0,0.1,907.3086613
0.6,0,0.2,990.8099453
0.6,0,0.3,1053.997553
0.6,0,0.4,1093.012705
0.6,0,0.5,1106.162846
0.6,0,0.6,1093.012705
0.6,0,0.7,1053.997553
0.6,0,0.8,990.8099453
0.6,0,0.9,907.3086613
0.6,0,1,810.1292274
0.6,0.1,0,801.5832602
0.6,0.1,0.1,896.9403145
0.6,0.1,0.2,978.887302
0.6,0.1,0.3,1040.933885
0.6,0.1,0.4,1079.268402
0.6,0.1,0.5,1092.194129
0.6,0.1,0.6,1079.268402
0.6,0.1,0.7,1040.933885
0.6,0.1,0.8,978.887302
0.6,0.1,0.9,896.9403145
0.6,0.1,1,801.5832602
0.6,0.2,0,761.6824154
0.6,0.2,0.1,848.722117
0.6,0.2,0.2,923.5560563
0.6,0.2,0.3,980.3551587
0.6,0.2,0.4,1015.544239
0.6,0.2,0.5,1027.429837
0.6,0.2,0.6,1015.544239
0.6,0.2,0.7,980.3551587
0.6,0.2,0.8,923.5560563
0.6,0.2,0.9,848.722117
0.6,0.2,1,761.6824154
0.6,0.3,0,699.8587467
0.6,0.3,0.1,774.6430601
0.6,0.3,0.2,838.9424843
0.6,0.3,0.3,887.8947049
0.6,0.3,0.4,918.3345762
0.6,0.3,0.5,928.6404777
0.6,0.3,0.6,918.3345762
0.6,0.3,0.7,887.8947049
0.6,0.3,0.8,838.9424843
0.6,0.3,0.9,774.6430601
0.6,0.3,1,699.8587467
0.6,0.4,0,627.6106427
0.6,0.4,0.1,689.0715808
0.6,0.4,0.2,741.8564542
0.6,0.4,0.3,782.1355598
0.6,0.4,0.4,807.2656807
0.6,0.4,0.5,815.7929691
0.6,0.4,0.6,807.2656807
0.6,0.4,0.7,782.1355598
0.6,0.4,0.8,741.8564542
0.6,0.4,0.9,689.0715808
0.6,0.4,1,627.6106427
0.6,0.5,0,554.2182862
0.6,0.5,0.1,603.2850524
0.6,0.5,0.2,645.3165279
0.6,0.5,0.3,677.4157814
0.6,0.5,0.4,697.4851191
0.6,0.5,0.5,704.3059958
0.6,0.5,0.6,697.4851191
0.6,0.5,0.7,677.4157814
0.6,0.5,0.8,645.3165279
0.6,0.5,0.9,603.2850524
0.6,0.5,1,554.2182862
0.6,0.6,0,485.3552401
0.6,0.6,0.1,523.8808537
0.6,0.6,0.2,556.7528093
0.6,0.6,0.3,581.8359721
0.6,0.6,0.4,597.529497
0.6,0.6,0.5,602.8672842
0.6,0.6,0.6,597.529497
0.6,0.6,0.7,581.8359721
0.6,0.6,0.8,556.7528093
0.6,0.6,0.9,523.8808537
0.6,0.6,1,485.3552401
0.6,0.7,0,423.6584694
0.6,0.7,0.1,453.6750533
0.6,0.7,0.2,479.1603153
0.6,0.7,0.3,498.5640869
0.6,0.7,0.4,510.6972545
0.6,0.7,0.5,514.8241507
0.6,0.7,0.6,510.6972545
0.6,0.7,0.7,498.5640869
0.6,0.7,0.8,479.1603153
0.6,0.7,0.9,453.6750533
0.6,0.7,1,423.6584694
0.6,0.8,0,369.8272006
0.6,0.8,0.1,393.1751793
0.6,0.8,0.2,412.8888497
0.6,0.8,0.3,427.8508395
0.6,0.8,0.4,437.192456
0.6,0.8,0.5,440.3681183
0.6,0.8,0.6,437.192456
0.6,0.8,0.7,427.8508395
0.6,0.8,0.8,412.8888497
0.6,0.8,0.9,393.1751793
0.6,0.8,1,369.8272006
0.6,0.9,0,323.5338782
0.6,0.9,0.1,341.736138
0.6,0.9,0.2,357.0162628
0.6,0.9,0.3,368.5702588
0.6,0.9,0.4,375.7689428
0.6,0.9,0.5,378.2138788
0.6,0.9,0.6,375.7689428
0.6,0.9,0.7,368.5702588
0.6,0.9,0.8,357.0162628
0.6,0.9,0.9,341.736138
0.6,0.9,1,323.5338782
0.6,1,0,284.0032483
0.6,1,0.1,298.2615986
0.6,1,0.2,310.162075
0.6,1,0.3,319.1250095
0.6,1,0.4,324.6959017
0.6,1,0.5,326.5858556
0.6,1,0.6,324.6959017
0.6,1,0.7,319.1250095
0.6,1,0.8,310.162075
0.6,1,0.9,298.2615986
0.6,1,1,284.0032483
0.7,0,0,642.8066272
0.7,0,0.1,706.9778005
0.7,0,0.2,762.1095657
0.7,0,0.3,804.164258
0.7,0,0.4,830.3864416
0.7,0,0.5,839.2805858
0.7,0,0.6,830.3864416
0.7,0,0.7,804.164258
0.7,0,0.8,762.1095657
0.7,0,0.9,706.9778005
0.7,0,1,642.8066272
0.7,0.1,0,637.6514239
0.7,0.1,0.1,700.897384
0.7,0.1,0.2,755.2282373
0.7,0.1,0.3,796.6774531
0.7,0.1,0.4,822.5275461
0.7,0.1,0.5,831.2967575
0.7,0.1,0.6,822.5275461
0.7,0.1,0.7,796.6774531
0.7,0.1,0.8,755.2282373
0.7,0.1,0.9,700.897384
0.7,0.1,1,637.6514239
0.7,0.2,0,613.1611155
0.7,0.2,0.1,672.0889543
0.7,0.2,0.2,722.6787668
0.7,0.2,0.3,761.2940829
0.7,0.2,0.4,785.3988539
0.7,0.2,0.5,793.5812644
0.7,0.2,0.6,785.3988539
0.7,0.2,0.7,761.2940829
0.7,0.2,0.8,722.6787668
0.7,0.2,0.9,672.0889543
0.7,0.2,1,613.1611155
0.7,0.3,0,573.822812
0.7,0.3,0.1,626.0848689
0.7,0.3,0.2,670.8913564
0.7,0.3,0.3,705.1081486
0.7,0.3,0.4,726.4921668
0.7,0.3,0.5,733.7573129
0.7,0.3,0.6,726.4921668
0.7,0.3,0.7,705.1081486
0.7,0.3,0.8,670.8913564
0.7,0.3,0.9,626.0848689
0.7,0.3,1,573.822812
0.7,0.4,0,525.654371
0.7,0.4,0.1,570.2180308
0.7,0.4,0.2,608.3369502
0.7,0.4,0.3,637.4438637
0.7,0.4,0.4,655.6504854
0.7,0.4,0.5,661.8408229
0.7,0.4,0.6,655.6504854
0.7,0.4,0.7,637.4438637
0.7,0.4,0.8,608.3369502
0.7,0.4,0.9,570.2180308
0.7,0.4,1,525.654371
0.7,0.5,0,474.235705
0.7,0.5,0.1,511.1611856
0.7,0.5,0.2,542.6430289
0.7,0.5,0.3,566.6584452
0.7,0.5,0.4,581.6836706
0.7,0.5,0.5,586.7944183
0.7,0.5,0.6,581.6836706
0.7,0.5,0.7,566.6584452
0.7,0.5,0.8,542.6430289
0.7,0.5,0.9,511.1611856
0.7,0.5,1,474.235705
0.7,0.6,0,423.6584694
0.7,0.6,0.1,453.6750533
0.7,0.6,0.2,479.1603153
0.7,0.6,0.3,498.5640869
0.7,0.6,0.4,510.6972545
0.7,0.6,0.5,514.8241507
0.7,0.6,0.6,510.6972545
0.7,0.6,0.7,498.5640869
0.7,0.6,0.8,479.1603153
0.7,0.6,0.9,453.6750533
0.7,0.6,1,423.6584694
0.7,0.7,0,376.3921928
0.7,0.7,0.1,400.5146284
0.7,0.7,0.2,420.8973387
0.7,0.7,0.3,436.3740903
0.7,0.7,0.4,446.0393882
0.7,0.7,0.5,449.3254005
0.7,0.7,0.6,446.0393882
0.7,0.7,0.7,436.3740903
0.7,0.7,0.8,420.8973387
0.7,0.7,0.9,400.5146284
0.7,0.7,1,376.3921928
0.7,0.8,0,333.6234197
0.7,0.8,0.1,352.8995029
0.7,0.8,0.2,369.1029007
0.7,0.8,0.3,381.3659764
0.7,0.8,0.4,389.0104465
0.7,0.8,0.5,391.6074004
0.7,0.8,0.6,389.0104465
0.7,0.8,0.7,381.3659764
0.7,0.8,0.8,369.1029007
0.7,0.8,0.9,352.8995029
0.7,0.8,1,333.6234197
0.7,0.9,0,295.6923967
0.7,0.9,0.1,311.0727325
0.7,0.9,0.2,323.932649
0.7,0.9,0.3,333.6302898
0.7,0.9,0.4,339.662498
0.7,0.9,0.5,341.709704
0.7,0.9,0.6,339.662498
0.7,0.9,0.7,333.6302898
0.7,0.9,0.8,323.932649
0.7,0.9,0.9,311.0727325
0.7,0.9,1,295.6923967
0.7,1,0,262.4528331
0.7,1,0.1,274.7421227
0.7,1,0.2,284.9634228
0.7,1,0.3,292.6426351
0.7,1,0.4,297.4081895
0.7,1,0.5,299.0237195
0.7,1,0.6,297.4081895
0.7,1,0.7,292.6426351
0.7,1,0.8,284.9634228
0.7,1,0.9,274.7421227
0.7,1,1,262.4528331
0.8,0,0,522.2997475
0.8,0,0.1,566.3462026
0.8,0,0.2,604.0156924
0.8,0,0.3,632.7784482
0.8,0,0.4,650.7705067
0.8,0,0.5,656.888141
0.8,0,0.6,650.7705067
0.8,0,0.7,632.7784482
0.8,0,0.8,604.0156924
0.8,0,0.9,566.3462026
0.8,0,1,522.2997475
0.8,0.1,0,518.9935355
0.8,0.1,0.1,562.5331841
0.8,0.1,0.2,599.7622464
0.8,0.1,0.3,628.1876032
0.8,0.1,0.4,645.9692145
0.8,0.1,0.5,652.0155191
0.8,0.1,0.6,645.9692145
0.8,0.1,0.7,628.1876032
0.8,0.1,0.8,599.7622464
0.8,0.1,0.9,562.5331841
0.8,0.1,1,518.9935355
0.8,0.2,0,503.1076587
0.8,0.2,0.1,544.2468865
0.8,0.2,0.2,579.3899159
0.8,0.2,0.3,606.2160897
0.8,0.2,0.4,622.9993512
0.8,0.2,0.5,628.707074
0.8,0.2,0.6,622.9993512
0.8,0.2,0.7,606.2160897
0.8,0.2,0.8,579.3899159
0.8,0.2,0.9,544.2468865
0.8,0.2,1,503.1076587
0.8,0.3,0,476.963196
0.8,0.3,0.1,514.2782844
0.8,0.3,0.2,546.0985784
0.8,0.3,0.3,570.3740325
0.8,0.3,0.4,585.5620768
0.8,0.3,0.5,590.7281527
0.8,0.3,0.6,585.5620768
0.8,0.3,0.7,570.3740325
0.8,0.3,0.8,546.0985784
0.8,0.3,0.9,514.2782844
0.8,0.3,1,476.963196
0.8,0.4,0,443.8789934
0.8,0.4,0.1,476.5842743
0.8,0.4,0.2,504.4017972
0.8,0.4,0.3,525.6000475
0.8,0.4,0.4,538.8595498
0.8,0.4,0.5,543.3698535
0.8,0.4,0.6,538.8595498
0.8,0.4,0.7,525.6000475
0.8,0.4,0.8,504.4017972
0.8,0.4,0.9,476.5842743
0.8,0.4,1,443.8789934
0.8,0.5,0,407.235115
0.8,0.5,0.1,435.1409333
0.8,0.5,0.2,458.7970297
0.8,0.5,0.3,476.7930231
0.8,0.5,0.4,488.0418861
0.8,0.5,0.5,491.8675836
0.8,0.5,0.6,488.0418861
0.8,0.5,0.7,476.7930231
0.8,0.5,0.8,458.7970297
0.8,0.5,0.9,435.1409333
0.8,0.5,1,407.235115
0.8,0.6,0,369.8272006
0.8,0.6,0.1,393.1751793
0.8,0.6,0.2,412.8888497
0.8,0.6,0.3,427.8508395
0.8,0.6,0.4,437.192456
0.8,0.6,0.5,440.3681183
0.8,0.6,0.6,437.192456
0.8,0.6,0.7,427.8508395
0.8,0.6,0.8,412.8888497
0.8,0.6,0.9,393.1751793
0.8,0.6,1,369.8272006
0.8,0.7,0,333.6234197
0.8,0.7,0.1,352.8995029
0.8,0.7,0.2,369.1029007
0.8,0.7,0.3,381.3659764
0.8,0.7,0.4,389.0104465
0.8,0.7,0.5,391.6074004
0.8,0.7,0.6,389.0104465
0.8,0.7,0.7,381.3659764
0.8,0.7,0.8,369.1029007
0.8,0.7,0.9,352.8995029
0.8,0.7,1,333.6234197
0.8,0.8,0,299.811641
0.8,0.8,0.1,315.5962863
0.8,0.8,0.2,328.8023605
0.8,0.8,0.3,338.7652636
0.8,0.8,0.4,344.9640852
0.8,0.8,0.5,347.0680932
0.8,0.8,0.6,344.9640852
0.8,0.8,0.7,338.7652636
0.8,0.8,0.8,328.8023605
0.8,0.8,0.9,315.5962863
0.8,0.8,1,299.811641
0.8,0.9,0,268.9759565
0.8,0.9,0.1,281.8475353
0.8,0.9,0.2,292.5647401
0.8,0.9,0.3,300.6227555
0.8,0.9,0.4,305.6258434
0.8,0.9,0.5,307.3222989
0.8,0.9,0.6,305.6258434
0.8,0.9,0.7,300.6227555
0.8,0.9,0.8,292.5647401
0.8,0.9,0.9,281.8475353
0.8,0.9,1,268.9759565
0.8,1,0,241.2905162
0.8,1,0.1,251.774149
0.8,1,0.2,260.4616379
0.8,1,0.3,266.9711833
0.8,1,0.4,271.0039825
0.8,1,0.5,272.3699743
0.8,1,0.6,271.0039825
0.8,1,0.7,266.9711833
0.8,1,0.8,260.4616379
0.8,1,0.9,251.774149
0.8,1,1,241.2905162
0.9,0,0,432.3999845
0.9,0,0.1,463.5665695
0.9,0,0.2,490.0491068
0.9,0,0.3,510.2203045
0.9,0,0.4,522.8353021
0.9,0,0.5,527.1262502
0.9,0,0.6,522.8353021
0.9,0,0.7,510.2203045
0.9,0,0.8,490.0491068
0.9,0,0.9,463.5665695
0.9,0,1,432.3999845
0.9,0.1,0,430.1788346
0.9,0.1,0.1,461.0513999
0.9,0.1,0.2,487.2789235
0.9,0.1,0.3,507.2538966
0.9,0.1,0.4,519.7457144
0.9,0.1,0.5,523.9947277
0.9,0.1,0.6,519.7457144
0.9,0.1,0.7,507.2538966
0.9,0.1,0.8,487.2789235
0.9,0.1,0.9,461.0513999
0.9,0.1,1,430.1788346
0.9,0.2,0,419.4222551
0.9,0.2,0.1,448.8878738
0.9,0.2,0.2,473.8955079
0.9,0.2,0.3,492.931714
0.9,0.2,0.4,504.8340531
0.9,0.2,0.5,508.8823436
0.9,0.2,0.6,504.8340531
0.9,0.2,0.7,492.931714
0.9,0.2,0.8,473.8955079
0.9,0.2,0.9,448.8878738
0.9,0.2,1,419.4222551
0.9,0.3,0,401.4132316
0.9,0.3,0.1,428.5866474
0.9,0.3,0.2,451.6084936
0.9,0.3,0.3,469.1163247
0.9,0.3,0.4,480.0584306
0.9,0.3,0.5,483.7796134
0.9,0.3,0.6,480.0584306
0.9,0.3,0.7,469.1163247
0.9,0.3,0.8,451.6084936
0.9,0.3,0.9,428.5866474
0.9,0.3,1,401.4132316
0.9,0.4,0,378.0707449
0.9,0.4,0.1,402.3928626
0.9,0.4,0.2,422.9481359
0.9,0.4,0.3,438.5576723
0.9,0.4,0.4,448.3064632
0.9,0.4,0.5,451.6209387
0.9,0.4,0.6,448.3064632
0.9,0.4,0.7,438.5576723
0.9,0.4,0.8,422.9481359
0.9,0.4,0.9,402.3928626
0.9,0.4,1,378.0707449
0.9,0.5,0,351.4837442
0.9,0.5,0.1,372.7261721
0.9,0.5,0.2,390.623027
0.9,0.5,0.3,404.1876489
0.9,0.5,0.4,412.6505382
0.9,0.5,0.5,415.5265805
0.9,0.5,0.6,412.6505382
0.9,0.5,0.7,404.1876489
0.9,0.5,0.8,390.623027
0.9,0.5,0.9,372.7261721
0.9,0.5,1,351.4837442
0.9,0.6,0,323.5338782
0.9,0.6,0.1,341.736138
0.9,0.6,0.2,357.0162628
0.9,0.6,0.3,368.5702588
0.9,0.6,0.4,375.7689428
0.9,0.6,0.5,378.2138788
0.9,0.6,0.6,375.7689428
0.9,0.6,0.7,368.5702588
0.9,0.6,0.8,357.0162628
0.9,0.6,0.9,341.736138
0.9,0.6,1,323.5338782
0.9,0.7,0,295.6923967
0.9,0.7,0.1,311.0727325
0.9,0.7,0.2,323.932649
0.9,0.7,0.3,333.6302898
0.9,0.7,0.4,339.662498
0.9,0.7,0.5,341.709704
0.9,0.7,0.6,339.662498
0.9,0.7,0.7,333.6302898
0.9,0.7,0.8,323.932649
0.9,0.7,0.9,311.0727325
0.9,0.7,1,295.6923967
0.9,0.8,0,268.9759565
0.9,0.8,0.1,281.8475353
0.9,0.8,0.2,292.5647401
0.9,0.8,0.3,300.6227555
0.9,0.8,0.4,305.6258434
0.9,0.8,0.5,307.3222989
0.9,0.8,0.6,305.6258434
0.9,0.8,0.7,300.6227555
0.9,0.8,0.8,292.5647401
0.9,0.8,0.9,281.8475353
0.9,0.8,1,268.9759565
0.9,0.9,0,244.0003044
0.9,0.9,0.1,254.7079673
0.9,0.9,0.2,263.5854085
0.9,0.9,0.3,270.2396341
0.9,0.9,0.4,274.3630061
0.9,0.9,0.5,275.7598324
0.9,0.9,0.6,274.3630061
0.9,0.9,0.7,270.2396341
0.9,0.9,0.8,263.5854085
0.9,0.9,0.9,254.7079673
0.9,0.9,1,244.0003044
0.9,1,0,221.0728654
0.9,1,0.1,229.9526671
0.9,1,0.2,237.283532
0.9,1,0.3,242.7614535
0.9,1,0.4,246.1490627
0.9,1,0.5,247.295506
0.9,1,0.6,246.1490627
0.9,1,0.7,242.7614535
0.9,1,0.8,237.283532
0.9,1,0.9,229.9526671
0.9,1,1,221.0728654
1,0,0,363.4945929
1,0,0.1,386.105801
1,0,0.2,405.1833617
1,0,0.3,419.6560091
1,0,0.4,428.6899135
1,0,0.5,431.7606617
1,0,0.6,428.6899135
1,0,0.7,419.6560091
1,0,0.8,405.1833617
1,0,0.9,386.105801
1,0,1,363.4945929
1,0.1,0,361.9467733
1,0.1,0.1,384.3794979
1,0.1,0.2,403.303019
1,0.1,0.3,417.6571809
1,0.1,0.4,426.6165757
1,0.1,0.5,429.6619188
1,0.1,0.6,426.6165757
1,0.1,0.7,417.6571809
1,0.1,0.8,403.303019
1,0.1,0.9,384.3794979
1,0.1,1,361.9467733
1,0.2,0,354.4082195
1,0.2,0.1,375.980448
1,0.2,0.2,394.1616541
1,0.2,0.3,407.9449217
1,0.2,0.4,416.5453078
1,0.2,0.5,419.468236
1,0.2,0.6,416.5453078
1,0.2,0.7,407.9449217
1,0.2,0.8,394.1616541
1,0.2,0.9,375.980448
1,0.2,1,354.4082195
1,0.3,0,341.6271693
1,0.3,0.1,361.7740628
1,0.3,0.2,378.7269964
1,0.3,0.3,391.5660092
1,0.3,0.4,399.5726148
1,0.3,0.5,402.293062
1,0.3,0.6,399.5726148
1,0.3,0.7,391.5660092
1,0.3,0.8,378.7269964
1,0.3,0.9,361.7740628
1,0.3,1,341.6271693
1,0.4,0,324.7601323
1,0.4,0.1,343.0914208
1,0.4,0.2,358.482421
1,0.4,0.3,370.1215475
1,0.4,0.4,377.3737471
1,0.4,0.5,379.8369323
1,0.4,0.6,377.3737471
1,0.4,0.7,370.1215475
1,0.4,0.8,358.482421
1,0.4,0.9,343.0914208
1,0.4,1,324.7601323
1,0.5,0,305.129303
1,0.5,0.1,321.4426736
1,0.5,0.2,335.1017425
1,0.5,0.3,345.4119135
1,0.5,0.4,351.828897
1,0.5,0.5,354.0072858
1,0.5,0.6,351.828897
1,0.5,0.7,345.4119135
1,0.5,0.8,335.1017425
1,0.5,0.9,321.4426736
1,0.5,1,305.129303
1,0.6,0,284.0032483
1,0.6,0.1,298.2615986
1,0.6,0.2,310.162075
1,0.6,0.3,319.1250095
1,0.6,0.4,324.6959017
1,0.6,0.5,326.5858556
1,0.6,0.6,324.6959017
1,0.6,0.7,319.1250095
1,0.6,0.8,310.162075
1,0.6,0.9,298.2615986
1,0.6,1,284.0032483
1,0.7,0,262.4528331
1,0.7,0.1,274.7421227
1,0.7,0.2,284.9634228
1,0.7,0.3,292.6426351
1,0.7,0.4,297.4081895
1,0.7,0.5,299.0237195
1,0.7,0.6,297.4081895
1,0.7,0.7,292.6426351
1,0.7,0.8,284.9634228
1,0.7,0.9,274.7421227
1,0.7,1,262.4528331
1,0.8,0,241.2905162
1,0.8,0.1,251.774149
1,0.8,0.2,260.4616379
1,0.8,0.3,266.9711833
1,0.8,0.4,271.0039825
1,0.8,0.5,272.3699743
1,0.8,0.6,271.0039825
1,0.8,0.7,266.9711833
1,0.8,0.8,260.4616379
1,0.8,0.9,251.774149
1,0.8,1,241.2905162
1,0.9,0,221.0728654
1,0.9,0.1,229.9526671
1,0.9,0.2,237.283532
1,0.9,0.3,242.7614535
1,0.9,0.4,246.1490627
1,0.9,0.5,247.295506
1,0.9,0.6,246.1490627
1,0.9,0.7,242.7614535
1,0.9,0.8,237.283532
1,0.9,0.9,229.9526671
1,0.9,1,221.0728654
1,1,0,202.1383692
1,1,0.1,209.6260777
1,1,0.2,215.7846061
1,1,0.3,220.3737644
1,1,0.4,223.2065792
1,1,0.5,224.1644025
1,1,0.6,223.2065792
1,1,0.7,220.3737644
1,1,0.8,215.7846061
1,1,0.9,209.6260777
1,1,1,202.1383692
0,,,
0,,,
0,,,
0,,,
0,,,
0,,,
0,,,
0,,,
0,,,
0,,,
0,,,
0.1,,,
0.1,,,
0.1,,,
0.1,,,
0.1,,,
0.1,,,
0.1,,,
0.1,,,
0.1,,,
0.1,,,
0.1,,,
0.2,,,
0.2,,,
0.2,,,
0.2,,,
0.2,,,
0.2,,,
0.2,,,
0.2,,,
0.2,,,
0.2,,,
0.2,,,
0.3,,,
0.3,,,
0.3,,,
0.3,,,
0.3,,,
0.3,,,
0.3,,,
0.3,,,
0.3,,,
0.3,,,
0.3,,,
0.4,,,
0.4,,,
0.4,,,
0.4,,,
0.4,,,
0.4,,,
0.4,,,
0.4,,,
0.4,,,
0.4,,,
0.4,,,
0.5,,,
0.5,,,
0.5,,,
0.5,,,
0.5,,,
0.5,,,
0.5,,,
0.5,,,
0.5,,,
0.5,,,
0.5,,,
0.6,,,
0.6,,,
0.6,,,
0.6,,,
0.6,,,
0.6,,,
0.6,,,
0.6,,,
0.6,,,
0.6,,,
0.6,,,
0.7,,,
0.7,,,
0.7,,,
0.7,,,
0.7,,,
0.7,,,
0.7,,,
0.7,,,
0.7,,,
0.7,,,
0.7,,,
0.8,,,
0.8,,,
0.8,,,
0.8,,,
0.8,,,
0.8,,,
0.8,,,
0.8,,,
0.8,,,
0.8,,,
0.8,,,
0.9,,,
0.9,,,
0.9,,,
0.9,,,
0.9,,,
0.9,,,
0.9,,,
0.9,,,
0.9,,,
0.9,,,
0.9,,,
1,,,
1,,,
1,,,
1,,,
1,,,
1,,,
1,,,
1,,,
1,,,
1,,,
1,,,
0,,,
0,,,
0,,,
0,,,
0,,,
0,,,
0,,,
0,,,
0,,,
0,,,
0,,,
0.1,,,
0.1,,,
0.1,,,
0.1,,,
0.1,,,
0.1,,,
0.1,,,
0.1,,,
0.1,,,
0.1,,,
0.1,,,
0.2,,,
0.2,,,
0.2,,,
0.2,,,
0.2,,,
0.2,,,
0.2,,,
0.2,,,
0.2,,,
0.2,,,
0.2,,,
0.3,,,
0.3,,,
0.3,,,
0.3,,,
0.3,,,
0.3,,,
0.3,,,
0.3,,,
0.3,,,
0.3,,,
0.3,,,
0.4,,,
0.4,,,
0.4,,,
0.4,,,
0.4,,,
0.4,,,
0.4,,,
0.4,,,
0.4,,,
0.4,,,
0.4,,,
0.5,,,
0.5,,,
0.5,,,
0.5,,,
0.5,,,
0.5,,,
0.5,,,
0.5,,,
0.5,,,
0.5,,,
0.5,,,
0.6,,,
0.6,,,
0.6,,,
0.6,,,
0.6,,,
0.6,,,
0.6,,,
0.6,,,
0.6,,,
0.6,,,
0.6,,,
0.7,,,
0.7,,,
0.7,,,
0.7,,,
0.7,,,
0.7,,,
0.7,,,
0.7,,,
0.7,,,
0.7,,,
0.7,,,
0.8,,,
0.8,,,
0.8,,,
0.8,,,
0.8,,,
0.8,,,
0.8,,,
0.8,,,
0.8,,,
0.8,,,
0.8,,,
0.9,,,
0.9,,,
0.9,,,
0.9,,,
0.9,,,
0.9,,,
0.9,,,
0.9,,,
0.9,,,
0.9,,,
0.9,,,
1,,,
1,,,
1,,,
1,,,
1,,,
1,,,
1,,,
1,,,
1,,,
1,,,
1,,,
0,,,
0,,,
0,,,
0,,,
0,,,
0,,,
0,,,
0,,,
0,,,
0,,,
0,,,
0.1,,,
0.1,,,
0.1,,,
0.1,,,
0.1,,,
0.1,,,
0.1,,,
0.1,,,
0.1,,,
0.1,,,
0.1,,,
0.2,,,
0.2,,,
0.2,,,
0.2,,,
0.2,,,
0.2,,,
0.2,,,
0.2,,,
0.2,,,
0.2,,,
0.2,,,
0.3,,,
0.3,,,
0.3,,,
0.3,,,
0.3,,,
0.3,,,
0.3,,,
0.3,,,
0.3,,,
0.3,,,
0.3,,,
0.4,,,
0.4,,,
0.4,,,
0.4,,,
0.4,,,
0.4,,,
0.4,,,
0.4,,,
0.4,,,
0.4,,,
0.4,,,
0.5,,,
0.5,,,
0.5,,,
0.5,,,
0.5,,,
0.5,,,
0.5,,,
0.5,,,
0.5,,,
0.5,,,
0.5,,,
0.6,,,
0.6,,,
0.6,,,
0.6,,,
0.6,,,
0.6,,,
0.6,,,
0.6,,,
0.6,,,
0.6,,,
0.6,,,
0.7,,,
0.7,,,
0.7,,,
0.7,,,
0.7,,,
0.7,,,
0.7,,,
0.7,,,
0.7,,,
0.7,,,
0.7,,,
0.8,,,
0.8,,,
0.8,,,
0.8,,,
0.8,,,
0.8,,,
0.8,,,
0.8,,,
0.8,,,
0.8,,,
0.8,,,
0.9,,,
0.9,,,
0.9,,,
0.9,,,
0.9,,,
0.9,,,
0.9,,,
0.9,,,
0.9,,,
0.9,,,
0.9,,,
1,,,
1,,,
1,,,
1,,,
1,,,
1,,,
1,,,
1,,,
1,,,
1,,,
1,,,
0,,,
0,,,
0,,,
0,,,
0,,,
0,,,
0,,,
0,,,
0,,,
0,,,
0,,,
0.1,,,
0.1,,,
0.1,,,
0.1,,,
0.1,,,
0.1,,,
0.1,,,
0.1,,,
0.1,,,
0.1,,,
0.1,,,
0.2,,,
0.2,,,
0.2,,,
0.2,,,
0.2,,,
0.2,,,
0.2,,,
0.2,,,
0.2,,,
0.2,,,
0.2,,,
0.3,,,
0.3,,,
0.3,,,
0.3,,,
0.3,,,
0.3,,,
0.3,,,
0.3,,,
0.3,,,
0.3,,,
0.3,,,
0.4,,,
0.4,,,
0.4,,,
0.4,,,
0.4,,,
0.4,,,
0.4,,,
0.4,,,
0.4,,,
0.4,,,
0.4,,,
0.5,,,
0.5,,,
0.5,,,
0.5,,,
0.5,,,
0.5,,,
0.5,,,
0.5,,,
0.5,,,
0.5,,,
0.5,,,
0.6,,,
0.6,,,
0.6,,,
0.6,,,
0.6,,,
0.6,,,
0.6,,,
0.6,,,
0.6,,,
0.6,,,
0.6,,,
0.7,,,
0.7,,,
0.7,,,
0.7,,,
0.7,,,
0.7,,,
0.7,,,
0.7,,,
0.7,,,
0.7,,,
0.7,,,
0.8,,,
0.8,,,
0.8,,,
0.8,,,
0.8,,,
0.8,,,
0.8,,,
0.8,,,
0.8,,,
0.8,,,
0.8,,,
0.9,,,
0.9,,,
0.9,,,
0.9,,,
0.9,,,
0.9,,,
0.9,,,
0.9,,,
0.9,,,
0.9,,,
0.9,,,
1,,,
1,,,
1,,,
1,,,
1,,,
1,,,
1,,,
1,,,
1,,,
1,,,
1,,,
0,,,
0,,,
0,,,
0,,,
0,,,
0,,,
0,,,
0,,,
0,,,
0,,,
0,,,
0.1,,,
0.1,,,
0.1,,,
0.1,,,
0.1,,,
0.1,,,
0.1,,,
0.1,,,
0.1,,,
0.1,,,
0.1,,,
0.2,,,
0.2,,,
0.2,,,
0.2,,,
0.2,,,
0.2,,,
0.2,,,
0.2,,,
0.2,,,
0.2,,,
0.2,,,
0.3,,,
0.3,,,
0.3,,,
0.3,,,
0.3,,,
0.3,,,
0.3,,,
0.3,,,
0.3,,,
0.3,,,
0.3,,,
0.4,,,
0.4,,,
0.4,,,
0.4,,,
0.4,,,
0.4,,,
0.4,,,
0.4,,,
0.4,,,
0.4,,,
0.4,,,
0.5,,,
0.5,,,
0.5,,,
0.5,,,
0.5,,,
0.5,,,
0.5,,,
0.5,,,
0.5,,,
0.5,,,
0.5,,,
0.6,,,
0.6,,,
0.6,,,
0.6,,,
0.6,,,
0.6,,,
0.6,,,
0.6,,,
0.6,,,
0.6,,,
0.6,,,
0.7,,,
0.7,,,
0.7,,,
0.7,,,
0.7,,,
0.7,,,
0.7,,,
0.7,,,
0.7,,,
0.7,,,
0.7,,,
0.8,,,
0.8,,,
0.8,,,
0.8,,,
0.8,,,
0.8,,,
0.8,,,
0.8,,,
0.8,,,
0.8,,,
0.8,,,
0.9,,,
0.9,,,
0.9,,,
0.9,,,
0.9,,,
0.9,,,
0.9,,,
0.9,,,
0.9,,,
0.9,,,
0.9,,,
1,,,
1,,,
1,,,
1,,,
1,,,
1,,,
1,,,
1,,,
1,,,
1,,,
1,,,
0,,,
0,,,
0,,,
0,,,
0,,,
0,,,
0,,,
0,,,
0,,,
0,,,
0,,,
0.1,,,
0.1,,,
0.1,,,
0.1,,,
0.1,,,
0.1,,,
0.1,,,
0.1,,,
0.1,,,
0.1,,,
0.1,,,
0.2,,,
0.2,,,
0.2,,,
0.2,,,
0.2,,,
0.2,,,
0.2,,,
0.2,,,
0.2,,,
0.2,,,
0.2,,,
0.3,,,
0.3,,,
0.3,,,
0.3,,,
0.3,,,
0.3,,,
0.3,,,
0.3,,,
0.3,,,
0.3,,,
0.3,,,
0.4,,,
0.4,,,
0.4,,,
0.4,,,
0.4,,,
0.4,,,
0.4,,,
0.4,,,
0.4,,,
0.4,,,
0.4,,,
0.5,,,
0.5,,,
0.5,,,
0.5,,,
0.5,,,
0.5,,,
0.5,,,
0.5,,,
0.5,,,
0.5,,,
0.5,,,
0.6,,,
0.6,,,
0.6,,,
0.6,,,
0.6,,,
0.6,,,
0.6,,,
0.6,,,
0.6,,,
0.6,,,
0.6,,,
0.7,,,
0.7,,,
0.7,,,
0.7,,,
0.7,,,
0.7,,,
0.7,,,
0.7,,,
0.7,,,
0.7,,,
0.7,,,
0.8,,,
0.8,,,
0.8,,,
0.8,,,
0.8,,,
0.8,,,
0.8,,,
0.8,,,
0.8,,,
0.8,,,
0.8,,,
0.9,,,
0.9,,,
0.9,,,
0.9,,,
0.9,,,
0.9,,,
0.9,,,
0.9,,,
0.9,,,
0.9,,,
0.9,,,
1,,,
1,,,
1,,,
1,,,
1,,,
1,,,
1,,,
1,,,
1,,,
1,,,
1,,,
0,,,
0,,,
0,,,
0,,,
0,,,
0,,,
0,,,
0,,,
0,,,
0,,,
0,,,
0.1,,,
0.1,,,
0.1,,,
0.1,,,
0.1,,,
0.1,,,
0.1,,,
0.1,,,
0.1,,,
0.1,,,
0.1,,,
0.2,,,
0.2,,,
0.2,,,
0.2,,,
0.2,,,
0.2,,,
0.2,,,
0.2,,,
0.2,,,
0.2,,,
0.2,,,
0.3,,,
0.3,,,
0.3,,,
0.3,,,
0.3,,,
0.3,,,
0.3,,,
0.3,,,
0.3,,,
0.3,,,
0.3,,,
0.4,,,
0.4,,,
0.4,,,
0.4,,,
0.4,,,
0.4,,,
0.4,,,
0.4,,,
0.4,,,
0.4,,,
0.4,,,
0.5,,,
0.5,,,
0.5,,,
0.5,,,
0.5,,,
0.5,,,
0.5,,,
0.5,,,
0.5,,,
0.5,,,
0.5,,,
0.6,,,
0.6,,,
0.6,,,
0.6,,,
0.6,,,
0.6,,,
0.6,,,
0.6,,,
0.6,,,
0.6,,,
0.6,,,
0.7,,,
0.7,,,
0.7,,,
0.7,,,
0.7,,,
0.7,,,
0.7,,,
0.7,,,
0.7,,,
0.7,,,
0.7,,,
0.8,,,
0.8,,,
0.8,,,
0.8,,,
0.8,,,
0.8,,,
0.8,,,
0.8,,,
0.8,,,
0.8,,,
0.8,,,
0.9,,,
0.9,,,
0.9,,,
0.9,,,
0.9,,,
0.9,,,
0.9,,,
0.9,,,
0.9,,,
0.9,,,
0.9,,,
1,,,
1,,,
1,,,
1,,,
1,,,
1,,,
1,,,
1,,,
1,,,
1,,,
1,,,
0,,,
0,,,
0,,,
0,,,
0,,,
0,,,
0,,,
0,,,
0,,,
0,,,
0,,,
0.1,,,
0.1,,,
0.1,,,
0.1,,,
0.1,,,
0.1,,,
0.1,,,
0.1,,,
0.1,,,
0.1,,,
0.1,,,
0.2,,,
0.2,,,
0.2,,,
0.2,,,
0.2,,,
0.2,,,
0.2,,,
0.2,,,
0.2,,,
0.2,,,
0.2,,,
0.3,,,
0.3,,,
0.3,,,
0.3,,,
0.3,,,
0.3,,,
0.3,,,
0.3,,,
0.3,,,
0.3,,,
0.3,,,
0.4,,,
0.4,,,
0.4,,,
0.4,,,
0.4,,,
0.4,,,
0.4,,,
0.4,,,
0.4,,,
0.4,,,
0.4,,,
0.5,,,
0.5,,,
0.5,,,
0.5,,,
0.5,,,
0.5,,,
0.5,,,
0.5,,,
0.5,,,
0.5,,,
0.5,,,
0.6,,,
0.6,,,
0.6,,,
0.6,,,
0.6,,,
0.6,,,
0.6,,,
0.6,,,
0.6,,,
0.6,,,
0.6,,,
0.7,,,
0.7,,,
0.7,,,
0.7,,,
0.7,,,
0.7,,,
0.7,,,
0.7,,,
0.7,,,
0.7,,,
0.7,,,
0.8,,,
0.8,,,
0.8,,,
0.8,,,
0.8,,,
0.8,,,
0.8,,,
0.8,,,
0.8,,,
0.8,,,
0.8,,,
0.9,,,
0.9,,,
0.9,,,
0.9,,,
0.9,,,
0.9,,,
0.9,,,
0.9,,,
0.9,,,
0.9,,,
0.9,,,
1,,,
1,,,
1,,,
1,,,
1,,,
1,,,
1,,,
1,,,
1,,,
1,,,
1,,,
0,,,
0,,,
0,,,
0,,,
0,,,
0,,,
0,,,
0,,,
0,,,
0,,,
0,,,
0.1,,,
0.1,,,
0.1,,,
0.1,,,
0.1,,,
0.1,,,
0.1,,,
0.1,,,
0.1,,,
0.1,,,
0.1,,,
0.2,,,
0.2,,,
0.2,,,
0.2,,,
0.2,,,
0.2,,,
0.2,,,
0.2,,,
0.2,,,
0.2,,,
0.2,,,
0.3,,,
0.3,,,
0.3,,,
0.3,,,
0.3,,,
0.3,,,
0.3,,,
0.3,,,
0.3,,,
0.3,,,
0.3,,,
0.4,,,
0.4,,,
0.4,,,
0.4,,,
0.4,,,
0.4,,,
0.4,,,
0.4,,,
0.4,,,
0.4,,,
0.4,,,
0.5,,,
0.5,,,
0.5,,,
0.5,,,
0.5,,,
0.5,,,
0.5,,,
0.5,,,
0.5,,,
0.5,,,
0.5,,,
0.6,,,
0.6,,,
0.6,,,
0.6,,,
0.6,,,
0.6,,,
0.6,,,
0.6,,,
0.6,,,
0.6,,,
0.6,,,
0.7,,,
0.7,,,
0.7,,,
0.7,,,
0.7,,,
0.7,,,
0.7,,,
0.7,,,
0.7,,,
0.7,,,
0.7,,,
0.8,,,
0.8,,,
0.8,,,
0.8,,,
0.8,,,
0.8,,,
0.8,,,
0.8,,,
0.8,,,
0.8,,,
0.8,,,
0.9,,,
0.9,,,
0.9,,,
0.9,,,
0.9,,,
0.9,,,
0.9,,,
0.9,,,
0.9,,,
0.9,,,
0.9,,,
1,,,
1,,,
1,,,
1,,,
1,,,
1,,,
1,,,
1,,,
1,,,
1,,,
1,,,
0,,,
0,,,
0,,,
0,,,
0,,,
0,,,
0,,,
0,,,
0,,,
0,,,
0,,,
0.1,,,
0.1,,,
0.1,,,
0.1,,,
0.1,,,
0.1,,,
0.1,,,
0.1,,,
0.1,,,
0.1,,,
0.1,,,
0.2,,,
0.2,,,
0.2,,,
0.2,,,
0.2,,,
0.2,,,
0.2,,,
0.2,,,
0.2,,,
0.2,,,
0.2,,,
0.3,,,
0.3,,,
0.3,,,
0.3,,,
0.3,,,
0.3,,,
0.3,,,
0.3,,,
0.3,,,
0.3,,,
0.3,,,
0.4,,,
0.4,,,
0.4,,,
0.4,,,
0.4,,,
0.4,,,
0.4,,,
0.4,,,
0.4,,,
0.4,,,
0.4,,,
0.5,,,
0.5,,,
0.5,,,
0.5,,,
0.5,,,
0.5,,,
0.5,,,
0.5,,,
0.5,,,
0.5,,,
0.5,,,
0.6,,,
0.6,,,
0.6,,,
0.6,,,
0.6,,,
0.6,,,
0.6,,,
0.6,,,
0.6,,,
0.6,,,
0.6,,,
0.7,,,
0.7,,,
0.7,,,
0.7,,,
0.7,,,
0.7,,,
0.7,,,
0.7,,,
0.7,,,
0.7,,,
0.7,,,
0.8,,,
0.8,,,
0.8,,,
0.8,,,
0.8,,,
0.8,,,
0.8,,,
0.8,,,
0.8,,,
0.8,,,
0.8,,,
0.9,,,
0.9,,,
0.9,,,
0.9,,,
0.9,,,
0.9,,,
0.9,,,
0.9,,,
0.9,,,
0.9,,,
0.9,,,
1,,,
1,,,
1,,,
1,,,
1,,,
1,,,
1,,,
1,,,
1,,,
1,,,
1,,,
0,,,
0,,,
0,,,
0,,,
0,,,
0,,,
0,,,
0,,,
0,,,
0,,,
0,,,
0.1,,,
0.1,,,
0.1,,,
0.1,,,
0.1,,,
0.1,,,
0.1,,,
0.1,,,
0.1,,,
0.1,,,
0.1,,,
0.2,,,
0.2,,,
0.2,,,
0.2,,,
0.2,,,
0.2,,,
0.2,,,
0.2,,,
0.2,,,
0.2,,,
0.2,,,
0.3,,,
0.3,,,
0.3,,,
0.3,,,
0.3,,,
0.3,,,
0.3,,,
0.3,,,
0.3,,,
0.3,,,
0.3,,,
0.4,,,
0.4,,,
0.4,,,
0.4,,,
0.4,,,
0.4,,,
0.4,,,
0.4,,,
0.4,,,
0.4,,,
0.4,,,
0.5,,,
0.5,,,
0.5,,,
0.5,,,
0.5,,,
0.5,,,
0.5,,,
0.5,,,
0.5,,,
0.5,,,
0.5,,,
0.6,,,
0.6,,,
0.6,,,
0.6,,,
0.6,,,
0.6,,,
0.6,,,
0.6,,,
0.6,,,
0.6,,,
0.6,,,
0.7,,,
0.7,,,
0.7,,,
0.7,,,
0.7,,,
0.7,,,
0.7,,,
0.7,,,
0.7,,,
0.7,,,
0.7,,,
0.8,,,
0.8,,,
0.8,,,
0.8,,,
0.8,,,
0.8,,,
0.8,,,
0.8,,,
0.8,,,
0.8,,,
0.8,,,
0.9,,,
0.9,,,
0.9,,,
0.9,,,
0.9,,,
0.9,,,
0.9,,,
0.9,,,
0.9,,,
0.9,,,
0.9,,,
1,,,
1,,,
1,,,
1,,,
1,,,
1,,,
1,,,
1,,,
1,,,
1,,,
1,,,
0,,,
0.1,,,
0.2,,,
0.3,,,
0.4,,,
0.5,,,
0.6,,,
0.7,,,
0.8,,,
0.9,,,
1,,,
0,,,
0.1,,,
0.2,,,
0.3,,,
0.4,,,
0.5,,,
0.6,,,
0.7,,,
0.8,,,
0.9,,,
1,,,
0,,,
0.1,,,
0.2,,,
0.3,,,
0.4,,,
0.5,,,
0.6,,,
0.7,,,
0.8,,,
0.9,,,
1,,,
0,,,
0.1,,,
0.2,,,
0.3,,,
0.4,,,
0.5,,,
0.6,,,
0.7,,,
0.8,,,
0.9,,,
1,,,
0,,,
0.1,,,
0.2,,,
0.3,,,
0.4,,,
0.5,,,
0.6,,,
0.7,,,
0.8,,,
0.9,,,
1,,,
0,,,
0.1,,,
0.2,,,
0.3,,,
0.4,,,
0.5,,,
0.6,,,
0.7,,,
0.8,,,
0.9,,,
1,,,
0,,,
0.1,,,
0.2,,,
0.3,,,
0.4,,,
0.5,,,
0.6,,,
0.7,,,
0.8,,,
0.9,,,
1,,,
0,,,
0.1,,,
0.2,,,
0.3,,,
0.4,,,
0.5,,,
0.6,,,
0.7,,,
0.8,,,
0.9,,,
1,,,
0,,,
0.1,,,
0.2,,,
0.3,,,
0.4,,,
0.5,,,
0.6,,,
0.7,,,
0.8,,,
0.9,,,
1,,,
0,,,
0.1,,,
0.2,,,
0.3,,,
0.4,,,
0.5,,,
0.6,,,
0.7,,,
0.8,,,
0.9,,,
1,,,
0,,,
0.1,,,
0.2,,,
0.3,,,
0.4,,,
0.5,,,
0.6,,,
0.7,,,
0.8,,,
0.9,,,
1,,,
0,,,
0.1,,,
0.2,,,
0.3,,,
0.4,,,
0.5,,,
0.6,,,
0.7,,,
0.8,,,
0.9,,,
1,,,
0,,,
0.1,,,
0.2,,,
0.3,,,
0.4,,,
0.5,,,
0.6,,,
0.7,,,
0.8,,,
0.9,,,
1,,,
0,,,
0.1,,,
0.2,,,
0.3,,,
0.4,,,
0.5,,,
0.6,,,
0.7,,,
0.8,,,
0.9,,,
1,,,
0,,,
0.1,,,
0.2,,,
0.3,,,
0.4,,,
0.5,,,
0.6,,,
0.7,,,
0.8,,,
0.9,,,
1,,,
0,,,
0.1,,,
0.2,,,
0.3,,,
0.4,,,
0.5,,,
0.6,,,
0.7,,,
0.8,,,
0.9,,,
1,,,
0,,,
0.1,,,
0.2,,,
0.3,,,
0.4,,,
0.5,,,
0.6,,,
0.7,,,
0.8,,,
0.9,,,
1,,,
0,,,
0.1,,,
0.2,,,
0.3,,,
0.4,,,
0.5,,,
0.6,,,
0.7,,,
0.8,,,
0.9,,,
1,,,
0,,,
0.1,,,
0.2,,,
0.3,,,
0.4,,,
0.5,,,
0.6,,,
0.7,,,
0.8,,,
0.9,,,
1,,,
0,,,
0.1,,,
0.2,,,
0.3,,,
0.4,,,
0.5,,,
0.6,,,
0.7,,,
0.8,,,
0.9,,,
1,,,
0,,,
0.1,,,
0.2,,,
0.3,,,
0.4,,,
0.5,,,
0.6,,,
0.7,,,
0.8,,,
0.9,,,
1,,,
0,,,
0.1,,,
0.2,,,
0.3,,,
0.4,,,
0.5,,,
0.6,,,
0.7,,,
0.8,,,
0.9,,,
1,,,
0,,,
0.1,,,
0.2,,,
0.3,,,
0.4,,,
0.5,,,
0.6,,,
0.7,,,
0.8,,,
0.9,,,
1,,,
0,,,
0.1,,,
0.2,,,
0.3,,,
0.4,,,
0.5,,,
0.6,,,
0.7,,,
0.8,,,
0.9,,,
1,,,
0,,,
0.1,,,
0.2,,,
0.3,,,
0.4,,,
0.5,,,
0.6,,,
0.7,,,
0.8,,,
0.9,,,
1,,,
0,,,
0.1,,,
0.2,,,
0.3,,,
0.4,,,
0.5,,,
0.6,,,
0.7,,,
0.8,,,
0.9,,,
1,,,
0,,,
0.1,,,
0.2,,,
0.3,,,
0.4,,,
0.5,,,
0.6,,,
0.7,,,
0.8,,,
0.9,,,
1,,,
0,,,
0.1,,,
0.2,,,
0.3,,,
0.4,,,
0.5,,,
0.6,,,
0.7,,,
0.8,,,
0.9,,,
1,,,
0,,,
0.1,,,
0.2,,,
0.3,,,
0.4,,,
0.5,,,
0.6,,,
0.7,,,
0.8,,,
0.9,,,
1,,,
0,,,
0.1,,,
0.2,,,
0.3,,,
0.4,,,
0.5,,,
0.6,,,
0.7,,,
0.8,,,
0.9,,,
1,,,
0,,,
0.1,,,
0.2,,,
0.3,,,
0.4,,,
0.5,,,
0.6,,,
0.7,,,
0.8,,,
0.9,,,
1,,,
0,,,
0.1,,,
0.2,,,
0.3,,,
0.4,,,
0.5,,,
0.6,,,
0.7,,,
0.8,,,
0.9,,,
1,,,
0,,,
0.1,,,
0.2,,,
0.3,,,
0.4,,,
0.5,,,
0.6,,,
0.7,,,
0.8,,,
0.9,,,
1,,,
0,,,
0.1,,,
0.2,,,
0.3,,,
0.4,,,
0.5,,,
0.6,,,
0.7,,,
0.8,,,
0.9,,,
1,,,
0,,,
0.1,,,
0.2,,,
0.3,,,
0.4,,,
0.5,,,
0.6,,,
0.7,,,
0.8,,,
0.9,,,
1,,,
0,,,
0.1,,,
0.2,,,
0.3,,,
0.4,,,
0.5,,,
0.6,,,
0.7,,,
0.8,,,
0.9,,,
1,,,
0,,,
0.1,,,
0.2,,,
0.3,,,
0.4,,,
0.5,,,
0.6,,,
0.7,,,
0.8,,,
0.9,,,
1,,,
0,,,
0.1,,,
0.2,,,
0.3,,,
0.4,,,
0.5,,,
0.6,,,
0.7,,,
0.8,,,
0.9,,,
1,,,
0,,,
0.1,,,
0.2,,,
0.3,,,
0.4,,,
0.5,,,
0.6,,,
0.7,,,
0.8,,,
0.9,,,
1,,,
0,,,
0.1,,,
0.2,,,
0.3,,,
0.4,,,
0.5,,,
0.6,,,
0.7,,,
0.8,,,
0.9,,,
1,,,
0,,,
0.1,,,
0.2,,,
0.3,,,
0.4,,,
0.5,,,
0.6,,,
0.7,,,
0.8,,,
0.9,,,
1,,,
0,,,
0.1,,,
0.2,,,
0.3,,,
0.4,,,
0.5,,,
0.6,,,
0.7,,,
0.8,,,
0.9,,,
1,,,
0,,,
0.1,,,
0.2,,,
0.3,,,
0.4,,,
0.5,,,
0.6,,,
0.7,,,
0.8,,,
0.9,,,
1,,,
0,,,
0.1,,,
0.2,,,
0.3,,,
0.4,,,
0.5,,,
0.6,,,
0.7,,,
0.8,,,
0.9,,,
1,,,
0,,,
0.1,,,
0.2,,,
0.3,,,
0.4,,,
0.5,,,
0.6,,,
0.7,,,
0.8,,,
0.9,,,
1,,,
0,,,
0.1,,,
0.2,,,
0.3,,,
0.4,,,
0.5,,,
0.6,,,
0.7,,,
0.8,,,
0.9,,,
1,,,
0,,,
0.1,,,
0.2,,,
0.3,,,
0.4,,,
0.5,,,
0.6,,,
0.7,,,
0.8,,,
0.9,,,
1,,,
0,,,
0.1,,,
0.2,,,
0.3,,,
0.4,,,
0.5,,,
0.6,,,
0.7,,,
0.8,,,
0.9,,,
1,,,
0,,,
0.1,,,
0.2,,,
0.3,,,
0.4,,,
0.5,,,
0.6,,,
0.7,,,
0.8,,,
0.9,,,
1,,,
0,,,
0.1,,,
0.2,,,
0.3,,,
0.4,,,
0.5,,,
0.6,,,
0.7,,,
0.8,,,
0.9,,,
1,,,
0,,,
0.1,,,
0.2,,,
0.3,,,
0.4,,,
0.5,,,
0.6,,,
0.7,,,
0.8,,,
0.9,,,
1,,,
0,,,
0.1,,,
0.2,,,
0.3,,,
0.4,,,
0.5,,,
0.6,,,
0.7,,,
0.8,,,
0.9,,,
1,,,
0,,,
0.1,,,
0.2,,,
0.3,,,
0.4,,,
0.5,,,
0.6,,,
0.7,,,
0.8,,,
0.9,,,
1,,,
0,,,
0.1,,,
0.2,,,
0.3,,,
0.4,,,
0.5,,,
0.6,,,
0.7,,,
0.8,,,
0.9,,,
1,,,
0,,,
0.1,,,
0.2,,,
0.3,,,
0.4,,,
0.5,,,
0.6,,,
0.7,,,
0.8,,,
0.9,,,
1,,,
0,,,
0.1,,,
0.2,,,
0.3,,,
0.4,,,
0.5,,,
0.6,,,
0.7,,,
0.8,,,
0.9,,,
1,,,
0,,,
0.1,,,
0.2,,,
0.3,,,
0.4,,,
0.5,,,
0.6,,,
0.7,,,
0.8,,,
0.9,,,
1,,,
0,,,
0.1,,,
0.2,,,
0.3,,,
0.4,,,
0.5,,,
0.6,,,
0.7,,,
0.8,,,
0.9,,,
1,,,
0,,,
0.1,,,
0.2,,,
0.3,,,
0.4,,,
0.5,,,
0.6,,,
0.7,,,
0.8,,,
0.9,,,
1,,,
0,,,
0.1,,,
0.2,,,
0.3,,,
0.4,,,
0.5,,,
0.6,,,
0.7,,,
0.8,,,
0.9,,,
1,,,
0,,,
0.1,,,
0.2,,,
0.3,,,
0.4,,,
0.5,,,
0.6,,,
0.7,,,
0.8,,,
0.9,,,
1,,,
0,,,
0.1,,,
0.2,,,
0.3,,,
0.4,,,
0.5,,,
0.6,,,
0.7,,,
0.8,,,
0.9,,,
1,,,
0,,,
0.1,,,
0.2,,,
0.3,,,
0.4,,,
0.5,,,
0.6,,,
0.7,,,
0.8,,,
0.9,,,
1,,,
0,,,
0.1,,,
0.2,,,
0.3,,,
0.4,,,
0.5,,,
0.6,,,
0.7,,,
0.8,,,
0.9,,,
1,,,
0,,,
0.1,,,
0.2,,,
0.3,,,
0.4,,,
0.5,,,
0.6,,,
0.7,,,
0.8,,,
0.9,,,
1,,,
0,,,
0.1,,,
0.2,,,
0.3,,,
0.4,,,
0.5,,,
0.6,,,
0.7,,,
0.8,,,
0.9,,,
1,,,
0,,,
0.1,,,
0.2,,,
0.3,,,
0.4,,,
0.5,,,
0.6,,,
0.7,,,
0.8,,,
0.9,,,
1,,,
0,,,
0.1,,,
0.2,,,
0.3,,,
0.4,,,
0.5,,,
0.6,,,
0.7,,,
0.8,,,
0.9,,,
1,,,
0,,,
0.1,,,
0.2,,,
0.3,,,
0.4,,,
0.5,,,
0.6,,,
0.7,,,
0.8,,,
0.9,,,
1,,,
0,,,
0.1,,,
0.2,,,
0.3,,,
0.4,,,
0.5,,,
0.6,,,
0.7,,,
0.8,,,
0.9,,,
1,,,
0,,,
0.1,,,
0.2,,,
0.3,,,
0.4,,,
0.5,,,
0.6,,,
0.7,,,
0.8,,,
0.9,,,
1,,,
0,,,
0.1,,,
0.2,,,
0.3,,,
0.4,,,
0.5,,,
0.6,,,
0.7,,,
0.8,,,
0.9,,,
1,,,
0,,,
0.1,,,
0.2,,,
0.3,,,
0.4,,,
0.5,,,
0.6,,,
0.7,,,
0.8,,,
0.9,,,
1,,,
0,,,
0.1,,,
0.2,,,
0.3,,,
0.4,,,
0.5,,,
0.6,,,
0.7,,,
0.8,,,
0.9,,,
1,,,
0,,,
0.1,,,
0.2,,,
0.3,,,
0.4,,,
0.5,,,
0.6,,,
0.7,,,
0.8,,,
0.9,,,
1,,,
0,,,
0.1,,,
0.2,,,
0.3,,,
0.4,,,
0.5,,,
0.6,,,
0.7,,,
0.8,,,
0.9,,,
1,,,
0,,,
0.1,,,
0.2,,,
0.3,,,
0.4,,,
0.5,,,
0.6,,,
0.7,,,
0.8,,,
0.9,,,
1,,,
0,,,
0.1,,,
0.2,,,
0.3,,,
0.4,,,
0.5,,,
0.6,,,
0.7,,,
0.8,,,
0.9,,,
1,,,
0,,,
0.1,,,
0.2,,,
0.3,,,
0.4,,,
0.5,,,
0.6,,,
0.7,,,
0.8,,,
0.9,,,
1,,,
0,,,
0.1,,,
0.2,,,
0.3,,,
0.4,,,
0.5,,,
0.6,,,
0.7,,,
0.8,,,
0.9,,,
1,,,
0,,,
0.1,,,
0.2,,,
0.3,,,
0.4,,,
0.5,,,
0.6,,,
0.7,,,
0.8,,,
0.9,,,
1,,,
0,,,
0.1,,,
0.2,,,
0.3,,,
0.4,,,
0.5,,,
0.6,,,
0.7,,,
0.8,,,
0.9,,,
1,,,
0,,,
0.1,,,
0.2,,,
0.3,,,
0.4,,,
0.5,,,
0.6,,,
0.7,,,
0.8,,,
0.9,,,
1,,,
0,,,
0.1,,,
0.2,,,
0.3,,,
0.4,,,
0.5,,,
0.6,,,
0.7,,,
0.8,,,
0.9,,,
1,,,
0,,,
0.1,,,
0.2,,,
0.3,,,
0.4,,,
0.5,,,
0.6,,,
0.7,,,
0.8,,,
0.9,,,
1,,,
0,,,
0.1,,,
0.2,,,
0.3,,,
0.4,,,
0.5,,,
0.6,,,
0.7,,,
0.8,,,
0.9,,,
1,,,
0,,,
0.1,,,
0.2,,,
0.3,,,
0.4,,,
0.5,,,
0.6,,,
0.7,,,
0.8,,,
0.9,,,
1,,,
0,,,
0.1,,,
0.2,,,
0.3,,,
0.4,,,
0.5,,,
0.6,,,
0.7,,,
0.8,,,
0.9,,,
1,,,
0,,,
0.1,,,
0.2,,,
0.3,,,
0.4,,,
0.5,,,
0.6,,,
0.7,,,
0.8,,,
0.9,,,
1,,,
0,,,
0.1,,,
0.2,,,
0.3,,,
0.4,,,
0.5,,,
0.6,,,
0.7,,,
0.8,,,
0.9,,,
1,,,
0,,,
0.1,,,
0.2,,,
0.3,,,
0.4,,,
0.5,,,
0.6,,,
0.7,,,
0.8,,,
0.9,,,
1,,,
0,,,
0.1,,,
0.2,,,
0.3,,,
0.4,,,
0.5,,,
0.6,,,
0.7,,,
0.8,,,
0.9,,,
1,,,
0,,,
0.1,,,
0.2,,,
0.3,,,
0.4,,,
0.5,,,
0.6,,,
0.7,,,
0.8,,,
0.9,,,
1,,,
0,,,
0.1,,,
0.2,,,
0.3,,,
0.4,,,
0.5,,,
0.6,,,
0.7,,,
0.8,,,
0.9,,,
1,,,
0,,,
0.1,,,
0.2,,,
0.3,,,
0.4,,,
0.5,,,
0.6,,,
0.7,,,
0.8,,,
0.9,,,
1,,,
0,,,
0.1,,,
0.2,,,
0.3,,,
0.4,,,
0.5,,,
0.6,,,
0.7,,,
0.8,,,
0.9,,,
1,,,
0,,,
0.1,,,
0.2,,,
0.3,,,
0.4,,,
0.5,,,
0.6,,,
0.7,,,
0.8,,,
0.9,,,
1,,,
0,,,
0.1,,,
0.2,,,
0.3,,,
0.4,,,
0.5,,,
0.6,,,
0.7,,,
0.8,,,
0.9,,,
1,,,
0,,,
0.1,,,
0.2,,,
0.3,,,
0.4,,,
0.5,,,
0.6,,,
0.7,,,
0.8,,,
0.9,,,
1,,,
0,,,
0.1,,,
0.2,,,
0.3,,,
0.4,,,
0.5,,,
0.6,,,
0.7,,,
0.8,,,
0.9,,,
1,,,
0,,,
0.1,,,
0.2,,,
0.3,,,
0.4,,,
0.5,,,
0.6,,,
0.7,,,
0.8,,,
0.9,,,
1,,,
0,,,
0.1,,,
0.2,,,
0.3,,,
0.4,,,
0.5,,,
0.6,,,
0.7,,,
0.8,,,
0.9,,,
1,,,
0,,,
0.1,,,
0.2,,,
0.3,,,
0.4,,,
0.5,,,
0.6,,,
0.7,,,
0.8,,,
0.9,,,
1,,,
0,,,
0.1,,,
0.2,,,
0.3,,,
0.4,,,
0.5,,,
0.6,,,
0.7,,,
0.8,,,
0.9,,,
1,,,
0,,,
0.1,,,
0.2,,,
0.3,,,
0.4,,,
0.5,,,
0.6,,,
0.7,,,
0.8,,,
0.9,,,
1,,,
0,,,
0.1,,,
0.2,,,
0.3,,,
0.4,,,
0.5,,,
0.6,,,
0.7,,,
0.8,,,
0.9,,,
1,,,
0,,,
0.1,,,
0.2,,,
0.3,,,
0.4,,,
0.5,,,
0.6,,,
0.7,,,
0.8,,,
0.9,,,
1,,,
0,,,
0.1,,,
0.2,,,
0.3,,,
0.4,,,
0.5,,,
0.6,,,
0.7,,,
0.8,,,
0.9,,,
1,,,
0,,,
0.1,,,
0.2,,,
0.3,,,
0.4,,,
0.5,,,
0.6,,,
0.7,,,
0.8,,,
0.9,,,
1,,,
0,,,
0.1,,,
0.2,,,
0.3,,,
0.4,,,
0.5,,,
0.6,,,
0.7,,,
0.8,,,
0.9,,,
1,,,
0,,,
0.1,,,
0.2,,,
0.3,,,
0.4,,,
0.5,,,
0.6,,,
0.7,,,
0.8,,,
0.9,,,
1,,,
0,,,
0.1,,,
0.2,,,
0.3,,,
0.4,,,
0.5,,,
0.6,,,
0.7,,,
0.8,,,
0.9,,,
1,,,
0,,,
0.1,,,
0.2,,,
0.3,,,
0.4,,,
0.5,,,
0.6,,,
0.7,,,
0.8,,,
0.9,,,
1,,,
0,,,
0.1,,,
0.2,,,
0.3,,,
0.4,,,
0.5,,,
0.6,,,
0.7,,,
0.8,,,
0.9,,,
1,,,
0,,,
0.1,,,
0.2,,,
0.3,,,
0.4,,,
0.5,,,
0.6,,,
0.7,,,
0.8,,,
0.9,,,
1,,,
0,,,
0.1,,,
0.2,,,
0.3,,,
0.4,,,
0.5,,,
0.6,,,
0.7,,,
0.8,,,
0.9,,,
1,,,
0,,,
0.1,,,
0.2,,,
0.3,,,
0.4,,,
0.5,,,
0.6,,,
0.7,,,
0.8,,,
0.9,,,
1,,,
0,,,
0.1,,,
0.2,,,
0.3,,,
0.4,,,
0.5,,,
0.6,,,
0.7,,,
0.8,,,
0.9,,,
1,,,
0,,,
0.1,,,
0.2,,,
0.3,,,
0.4,,,
0.5,,,
0.6,,,
0.7,,,
0.8,,,
0.9,,,
1,,,
0,,,
0.1,,,
0.2,,,
0.3,,,
0.4,,,
0.5,,,
0.6,,,
0.7,,,
0.8,,,
0.9,,,
1,,,
0,,,
0.1,,,
0.2,,,
0.3,,,
0.4,,,
0.5,,,
0.6,,,
0.7,,,
0.8,,,
0.9,,,
1,,,
9107.504892,,,
15486.01628,,,
16843.56812,,,
17309.00297,,,
17500.17522,,,
17554.13879,,,
17500.17522,,,
17309.00297,,,
16843.56812,,,
15486.01628,,,
9107.504892,,,
8813.164335,,,
14318.01945,,,
15861.22362,,,
16439.72338,,,
16683.9287,,,
16753.48499,,,
16683.9287,,,
16439.72338,,,
15861.22362,,,
14318.01945,,,
8813.164335,,,
3543.394824,,,
4827.303618,,,
5606.707972,,,
6010.403023,,,
6203.116316,,,
6260.487794,,,
6203.116316,,,
6010.403023,,,
5606.707972,,,
4827.303618,,,
3543.394824,,,
2102.755025,,,
2624.005708,,,
3020.72479,,,
3272.952789,,,
3408.184774,,,
3450.491251,,,
3408.184774,,,
3272.952789,,,
3020.72479,,,
2624.005708,,,
2102.755025,,,
1435.18132,,,
1702.334003,,,
1922.874611,,,
2078.325922,,,
2168.281568,,,
2197.509457,,,
2168.281568,,,
2078.325922,,,
1922.874611,,,
1702.334003,,,
1435.18132,,,
1053.936361,,,
1209.00749,,,
1340.99601,,,
1438.716187,,,
1497.747767,,,
1517.387388,,,
1497.747767,,,
1438.716187,,,
1340.99601,,,
1209.00749,,,
1053.936361,,,
810.1292274,,,
907.3086613,,,
990.8099453,,,
1053.997553,,,
1093.012705,,,
1106.162846,,,
1093.012705,,,
1053.997553,,,
990.8099453,,,
907.3086613,,,
810.1292274,,,
642.8066272,,,
706.9778005,,,
762.1095657,,,
804.164258,,,
830.3864416,,,
839.2805858,,,
830.3864416,,,
804.164258,,,
762.1095657,,,
706.9778005,,,
642.8066272,,,
522.2997475,,,
566.3462026,,,
604.0156924,,,
632.7784482,,,
650.7705067,,,
656.888141,,,
650.7705067,,,
632.7784482,,,
604.0156924,,,
566.3462026,,,
522.2997475,,,
432.3999845,,,
463.5665695,,,
490.0491068,,,
510.2203045,,,
522.8353021,,,
527.1262502,,,
522.8353021,,,
510.2203045,,,
490.0491068,,,
463.5665695,,,
432.3999845,,,
363.4945929,,,
386.105801,,,
405.1833617,,,
419.6560091,,,
428.6899135,,,
431.7606617,,,
428.6899135,,,
419.6560091,,,
405.1833617,,,
386.105801,,,
363.4945929,,,
8813.164335,,,
14318.01945,,,
15861.22362,,,
16439.72338,,,
16683.9287,,,
16753.48499,,,
16683.9287,,,
16439.72338,,,
15861.22362,,,
14318.01945,,,
8813.164335,,,
6375.551602,,,
9758.579842,,,
11055.29507,,,
11588.98873,,,
11821.2112,,,
11888.03408,,,
11821.2112,,,
11588.98873,,,
11055.29507,,,
9758.579842,,,
6375.551602,,,
3256.843448,,,
4369.142938,,,
5076.435773,,,
5456.17945,,,
5640.712598,,,
5696.038441,,,
5640.712598,,,
5456.17945,,,
5076.435773,,,
4369.142938,,,
3256.843448,,,
2023.721066,,,
2511.3127,,,
2886.442502,,,
3127.932213,,,
3258.507265,,,
3299.519564,,,
3258.507265,,,
3127.932213,,,
2886.442502,,,
2511.3127,,,
2023.721066,,,
1403.627082,,,
1660.55468,,,
1873.307821,,,
2023.947451,,,
2111.443698,,,
2139.928682,,,
2111.443698,,,
2023.947451,,,
1873.307821,,,
1660.55468,,,
1403.627082,,,
1038.51383,,,
1189.594279,,,
1318.29842,,,
1413.745235,,,
1471.494139,,,
1490.724444,,,
1471.494139,,,
1413.745235,,,
1318.29842,,,
1189.594279,,,
1038.51383,,,
801.5832602,,,
896.9403145,,,
978.887302,,,
1040.933885,,,
1079.268402,,,
1092.194129,,,
1079.268402,,,
1040.933885,,,
978.887302,,,
896.9403145,,,
801.5832602,,,
637.6514239,,,
700.897384,,,
755.2282373,,,
796.6774531,,,
822.5275461,,,
831.2967575,,,
822.5275461,,,
796.6774531,,,
755.2282373,,,
700.897384,,,
637.6514239,,,
518.9935355,,,
562.5331841,,,
599.7622464,,,
628.1876032,,,
645.9692145,,,
652.0155191,,,
645.9692145,,,
628.1876032,,,
599.7622464,,,
562.5331841,,,
518.9935355,,,
430.1788346,,,
461.0513999,,,
487.2789235,,,
507.2538966,,,
519.7457144,,,
523.9947277,,,
519.7457144,,,
507.2538966,,,
487.2789235,,,
461.0513999,,,
430.1788346,,,
361.9467733,,,
384.3794979,,,
403.303019,,,
417.6571809,,,
426.6165757,,,
429.6619188,,,
426.6165757,,,
417.6571809,,,
403.303019,,,
384.3794979,,,
361.9467733,,,
3543.394824,,,
4827.303618,,,
5606.707972,,,
6010.403023,,,
6203.116316,,,
6260.487794,,,
6203.116316,,,
6010.403023,,,
5606.707972,,,
4827.303618,,,
3543.394824,,,
3256.843448,,,
4369.142938,,,
5076.435773,,,
5456.17945,,,
5640.712598,,,
5696.038441,,,
5640.712598,,,
5456.17945,,,
5076.435773,,,
4369.142938,,,
3256.843448,,,
2398.156442,,,
3053.787131,,,
3531.572225,,,
3821.569148,,,
3972.500585,,,
4019.085166,,,
3972.500585,,,
3821.569148,,,
3531.572225,,,
3053.787131,,,
2398.156442,,,
1717.00553,,,
2082.88545,,,
2375.655606,,,
2573.429762,,,
2684.129862,,,
2719.488669,,,
2684.129862,,,
2573.429762,,,
2375.655606,,,
2082.88545,,,
1717.00553,,,
1267.584756,,,
1482.356682,,,
1662.392625,,,
1792.269743,,,
1868.911214,,,
1894.076758,,,
1868.911214,,,
1792.269743,,,
1662.392625,,,
1482.356682,,,
1267.584756,,,
968.5243909,,,
1102.043614,,,
1216.190053,,,
1301.444771,,,
1353.382052,,,
1370.746432,,,
1353.382052,,,
1301.444771,,,
1216.190053,,,
1102.043614,,,
968.5243909,,,
761.6824154,,,
848.722117,,,
923.5560563,,,
980.3551587,,,
1015.544239,,,
1027.429837,,,
1015.544239,,,
980.3551587,,,
923.5560563,,,
848.722117,,,
761.6824154,,,
613.1611155,,,
672.0889543,,,
722.6787668,,,
761.2940829,,,
785.3988539,,,
793.5812644,,,
785.3988539,,,
761.2940829,,,
722.6787668,,,
672.0889543,,,
613.1611155,,,
503.1076587,,,
544.2468865,,,
579.3899159,,,
606.2160897,,,
622.9993512,,,
628.707074,,,
622.9993512,,,
606.2160897,,,
579.3899159,,,
544.2468865,,,
503.1076587,,,
419.4222551,,,
448.8878738,,,
473.8955079,,,
492.931714,,,
504.8340531,,,
508.8823436,,,
504.8340531,,,
492.931714,,,
473.8955079,,,
448.8878738,,,
419.4222551,,,
354.4082195,,,
375.980448,,,
394.1616541,,,
407.9449217,,,
416.5453078,,,
419.468236,,,
416.5453078,,,
407.9449217,,,
394.1616541,,,
375.980448,,,
354.4082195,,,
2102.755025,,,
2624.005708,,,
3020.72479,,,
3272.952789,,,
3408.184774,,,
3450.491251,,,
3408.184774,,,
3272.952789,,,
3020.72479,,,
2624.005708,,,
2102.755025,,,
2023.721066,,,
2511.3127,,,
2886.442502,,,
3127.932213,,,
3258.507265,,,
3299.519564,,,
3258.507265,,,
3127.932213,,,
2886.442502,,,
2511.3127,,,
2023.721066,,,
1717.00553,,,
2082.88545,,,
2375.655606,,,
2573.429762,,,
2684.129862,,,
2719.488669,,,
2684.129862,,,
2573.429762,,,
2375.655606,,,
2082.88545,,,
1717.00553,,,
1373.780164,,,
1621.212025,,,
1826.670405,,,
1972.750061,,,
2057.893723,,,
2085.664576,,,
2057.893723,,,
1972.750061,,,
1826.670405,,,
1621.212025,,,
1373.780164,,,
1086.483893,,,
1250.13067,,,
1389.142464,,,
1491.687843,,,
1553.423831,,,
1573.923221,,,
1553.423831,,,
1491.687843,,,
1389.142464,,,
1250.13067,,,
1086.483893,,,
866.0469186,,,
975.5074284,,,
1069.440343,,,
1140.231285,,,
1183.750508,,,
1198.379554,,,
1183.750508,,,
1140.231285,,,
1069.440343,,,
975.5074284,,,
866.0469186,,,
699.8587467,,,
774.6430601,,,
838.9424843,,,
887.8947049,,,
918.3345762,,,
928.6404777,,,
918.3345762,,,
887.8947049,,,
838.9424843,,,
774.6430601,,,
699.8587467,,,
573.822812,,,
626.0848689,,,
670.8913564,,,
705.1081486,,,
726.4921668,,,
733.7573129,,,
726.4921668,,,
705.1081486,,,
670.8913564,,,
626.0848689,,,
573.822812,,,
476.963196,,,
514.2782844,,,
546.0985784,,,
570.3740325,,,
585.5620768,,,
590.7281527,,,
585.5620768,,,
570.3740325,,,
546.0985784,,,
514.2782844,,,
476.963196,,,
401.4132316,,,
428.5866474,,,
451.6084936,,,
469.1163247,,,
480.0584306,,,
483.7796134,,,
480.0584306,,,
469.1163247,,,
451.6084936,,,
428.5866474,,,
401.4132316,,,
341.6271693,,,
361.7740628,,,
378.7269964,,,
391.5660092,,,
399.5726148,,,
402.293062,,,
399.5726148,,,
391.5660092,,,
378.7269964,,,
361.7740628,,,
341.6271693,,,
1435.18132,,,
1702.334003,,,
1922.874611,,,
2078.325922,,,
2168.281568,,,
2197.509457,,,
2168.281568,,,
2078.325922,,,
1922.874611,,,
1702.334003,,,
1435.18132,,,
1403.627082,,,
1660.55468,,,
1873.307821,,,
2023.947451,,,
2111.443698,,,
2139.928682,,,
2111.443698,,,
2023.947451,,,
1873.307821,,,
1660.55468,,,
1403.627082,,,
1267.584756,,,
1482.356682,,,
1662.392625,,,
1792.269743,,,
1868.911214,,,
1894.076758,,,
1868.911214,,,
1792.269743,,,
1662.392625,,,
1482.356682,,,
1267.584756,,,
1086.483893,,,
1250.13067,,,
1389.142464,,,
1491.687843,,,
1553.423831,,,
1573.923221,,,
1553.423831,,,
1491.687843,,,
1389.142464,,,
1250.13067,,,
1086.483893,,,
908.4335714,,,
1027.60549,,,
1129.733725,,,
1206.431732,,,
1253.412725,,,
1269.171188,,,
1253.412725,,,
1206.431732,,,
1129.733725,,,
1027.60549,,,
908.4335714,,,
754.2309044,,,
839.7539554,,,
913.2872704,,,
969.1220356,,,
1003.730204,,,
1015.423133,,,
1003.730204,,,
969.1220356,,,
913.2872704,,,
839.7539554,,,
754.2309044,,,
627.6106427,,,
689.0715808,,,
741.8564542,,,
782.1355598,,,
807.2656807,,,
815.7929691,,,
807.2656807,,,
782.1355598,,,
741.8564542,,,
689.0715808,,,
627.6106427,,,
525.654371,,,
570.2180308,,,
608.3369502,,,
637.4438637,,,
655.6504854,,,
661.8408229,,,
655.6504854,,,
637.4438637,,,
608.3369502,,,
570.2180308,,,
525.654371,,,
443.8789934,,,
476.5842743,,,
504.4017972,,,
525.6000475,,,
538.8595498,,,
543.3698535,,,
538.8595498,,,
525.6000475,,,
504.4017972,,,
476.5842743,,,
443.8789934,,,
378.0707449,,,
402.3928626,,,
422.9481359,,,
438.5576723,,,
448.3064632,,,
451.6209387,,,
448.3064632,,,
438.5576723,,,
422.9481359,,,
402.3928626,,,
378.0707449,,,
324.7601323,,,
343.0914208,,,
358.482421,,,
370.1215475,,,
377.3737471,,,
379.8369323,,,
377.3737471,,,
370.1215475,,,
358.482421,,,
343.0914208,,,
324.7601323,,,
1053.936361,,,
1209.00749,,,
1340.99601,,,
1438.716187,,,
1497.747767,,,
1517.387388,,,
1497.747767,,,
1438.716187,,,
1340.99601,,,
1209.00749,,,
1053.936361,,,
1038.51383,,,
1189.594279,,,
1318.29842,,,
1413.745235,,,
1471.494139,,,
1490.724444,,,
1471.494139,,,
1413.745235,,,
1318.29842,,,
1189.594279,,,
1038.51383,,,
968.5243909,,,
1102.043614,,,
1216.190053,,,
1301.444771,,,
1353.382052,,,
1370.746432,,,
1353.382052,,,
1301.444771,,,
1216.190053,,,
1102.043614,,,
968.5243909,,,
866.0469186,,,
975.5074284,,,
1069.440343,,,
1140.231285,,,
1183.750508,,,
1198.379554,,,
1183.750508,,,
1140.231285,,,
1069.440343,,,
975.5074284,,,
866.0469186,,,
754.2309044,,,
839.7539554,,,
913.2872704,,,
969.1220356,,,
1003.730204,,,
1015.423133,,,
1003.730204,,,
969.1220356,,,
913.2872704,,,
839.7539554,,,
754.2309044,,,
648.0622052,,,
713.1837705,,,
769.1378007,,,
811.8134083,,,
838.4167297,,,
847.4387545,,,
838.4167297,,,
811.8134083,,,
769.1378007,,,
713.1837705,,,
648.0622052,,,
554.2182862,,,
603.2850524,,,
645.3165279,,,
677.4157814,,,
697.4851191,,,
704.3059958,,,
697.4851191,,,
677.4157814,,,
645.3165279,,,
603.2850524,,,
554.2182862,,,
474.235705,,,
511.1611856,,,
542.6430289,,,
566.6584452,,,
581.6836706,,,
586.7944183,,,
581.6836706,,,
566.6584452,,,
542.6430289,,,
511.1611856,,,
474.235705,,,
407.235115,,,
435.1409333,,,
458.7970297,,,
476.7930231,,,
488.0418861,,,
491.8675836,,,
488.0418861,,,
476.7930231,,,
458.7970297,,,
435.1409333,,,
407.235115,,,
351.4837442,,,
372.7261721,,,
390.623027,,,
404.1876489,,,
412.6505382,,,
415.5265805,,,
412.6505382,,,
404.1876489,,,
390.623027,,,
372.7261721,,,
351.4837442,,,
305.129303,,,
321.4426736,,,
335.1017425,,,
345.4119135,,,
351.828897,,,
354.0072858,,,
351.828897,,,
345.4119135,,,
335.1017425,,,
321.4426736,,,
305.129303,,,
810.1292274,,,
907.3086613,,,
990.8099453,,,
1053.997553,,,
1093.012705,,,
1106.162846,,,
1093.012705,,,
1053.997553,,,
990.8099453,,,
907.3086613,,,
810.1292274,,,
801.5832602,,,
896.9403145,,,
978.887302,,,
1040.933885,,,
1079.268402,,,
1092.194129,,,
1079.268402,,,
1040.933885,,,
978.887302,,,
896.9403145,,,
801.5832602,,,
761.6824154,,,
848.722117,,,
923.5560563,,,
980.3551587,,,
1015.544239,,,
1027.429837,,,
1015.544239,,,
980.3551587,,,
923.5560563,,,
848.722117,,,
761.6824154,,,
699.8587467,,,
774.6430601,,,
838.9424843,,,
887.8947049,,,
918.3345762,,,
928.6404777,,,
918.3345762,,,
887.8947049,,,
838.9424843,,,
774.6430601,,,
699.8587467,,,
627.6106427,,,
689.0715808,,,
741.8564542,,,
782.1355598,,,
807.2656807,,,
815.7929691,,,
807.2656807,,,
782.1355598,,,
741.8564542,,,
689.0715808,,,
627.6106427,,,
554.2182862,,,
603.2850524,,,
645.3165279,,,
677.4157814,,,
697.4851191,,,
704.3059958,,,
697.4851191,,,
677.4157814,,,
645.3165279,,,
603.2850524,,,
554.2182862,,,
485.3552401,,,
523.8808537,,,
556.7528093,,,
581.8359721,,,
597.529497,,,
602.8672842,,,
597.529497,,,
581.8359721,,,
556.7528093,,,
523.8808537,,,
485.3552401,,,
423.6584694,,,
453.6750533,,,
479.1603153,,,
498.5640869,,,
510.6972545,,,
514.8241507,,,
510.6972545,,,
498.5640869,,,
479.1603153,,,
453.6750533,,,
423.6584694,,,
369.8272006,,,
393.1751793,,,
412.8888497,,,
427.8508395,,,
437.192456,,,
440.3681183,,,
437.192456,,,
427.8508395,,,
412.8888497,,,
393.1751793,,,
369.8272006,,,
323.5338782,,,
341.736138,,,
357.0162628,,,
368.5702588,,,
375.7689428,,,
378.2138788,,,
375.7689428,,,
368.5702588,,,
357.0162628,,,
341.736138,,,
323.5338782,,,
284.0032483,,,
298.2615986,,,
310.162075,,,
319.1250095,,,
324.6959017,,,
326.5858556,,,
324.6959017,,,
319.1250095,,,
310.162075,,,
298.2615986,,,
284.0032483,,,
642.8066272,,,
706.9778005,,,
762.1095657,,,
804.164258,,,
830.3864416,,,
839.2805858,,,
830.3864416,,,
804.164258,,,
762.1095657,,,
706.9778005,,,
642.8066272,,,
637.6514239,,,
700.897384,,,
755.2282373,,,
796.6774531,,,
822.5275461,,,
831.2967575,,,
822.5275461,,,
796.6774531,,,
755.2282373,,,
700.897384,,,
637.6514239,,,
613.1611155,,,
672.0889543,,,
722.6787668,,,
761.2940829,,,
785.3988539,,,
793.5812644,,,
785.3988539,,,
761.2940829,,,
722.6787668,,,
672.0889543,,,
613.1611155,,,
573.822812,,,
626.0848689,,,
670.8913564,,,
705.1081486,,,
726.4921668,,,
733.7573129,,,
726.4921668,,,
705.1081486,,,
670.8913564,,,
626.0848689,,,
573.822812,,,
525.654371,,,
570.2180308,,,
608.3369502,,,
637.4438637,,,
655.6504854,,,
661.8408229,,,
655.6504854,,,
637.4438637,,,
608.3369502,,,
570.2180308,,,
525.654371,,,
474.235705,,,
511.1611856,,,
542.6430289,,,
566.6584452,,,
581.6836706,,,
586.7944183,,,
581.6836706,,,
566.6584452,,,
542.6430289,,,
511.1611856,,,
474.235705,,,
423.6584694,,,
453.6750533,,,
479.1603153,,,
498.5640869,,,
510.6972545,,,
514.8241507,,,
510.6972545,,,
498.5640869,,,
479.1603153,,,
453.6750533,,,
423.6584694,,,
376.3921928,,,
400.5146284,,,
420.8973387,,,
436.3740903,,,
446.0393882,,,
449.3254005,,,
446.0393882,,,
436.3740903,,,
420.8973387,,,
400.5146284,,,
376.3921928,,,
333.6234197,,,
352.8995029,,,
369.1029007,,,
381.3659764,,,
389.0104465,,,
391.6074004,,,
389.0104465,,,
381.3659764,,,
369.1029007,,,
352.8995029,,,
333.6234197,,,
295.6923967,,,
311.0727325,,,
323.932649,,,
333.6302898,,,
339.662498,,,
341.709704,,,
339.662498,,,
333.6302898,,,
323.932649,,,
311.0727325,,,
295.6923967,,,
262.4528331,,,
274.7421227,,,
284.9634228,,,
292.6426351,,,
297.4081895,,,
299.0237195,,,
297.4081895,,,
292.6426351,,,
284.9634228,,,
274.7421227,,,
262.4528331,,,
522.2997475,,,
566.3462026,,,
604.0156924,,,
632.7784482,,,
650.7705067,,,
656.888141,,,
650.7705067,,,
632.7784482,,,
604.0156924,,,
566.3462026,,,
522.2997475,,,
518.9935355,,,
562.5331841,,,
599.7622464,,,
628.1876032,,,
645.9692145,,,
652.0155191,,,
645.9692145,,,
628.1876032,,,
599.7622464,,,
562.5331841,,,
518.9935355,,,
503.1076587,,,
544.2468865,,,
579.3899159,,,
606.2160897,,,
622.9993512,,,
628.707074,,,
622.9993512,,,
606.2160897,,,
579.3899159,,,
544.2468865,,,
503.1076587,,,
476.963196,,,
514.2782844,,,
546.0985784,,,
570.3740325,,,
585.5620768,,,
590.7281527,,,
585.5620768,,,
570.3740325,,,
546.0985784,,,
514.2782844,,,
476.963196,,,
443.8789934,,,
476.5842743,,,
504.4017972,,,
525.6000475,,,
538.8595498,,,
543.3698535,,,
538.8595498,,,
525.6000475,,,
504.4017972,,,
476.5842743,,,
443.8789934,,,
407.235115,,,
435.1409333,,,
458.7970297,,,
476.7930231,,,
488.0418861,,,
491.8675836,,,
488.0418861,,,
476.7930231,,,
458.7970297,,,
435.1409333,,,
407.235115,,,
369.8272006,,,
393.1751793,,,
412.8888497,,,
427.8508395,,,
437.192456,,,
440.3681183,,,
437.192456,,,
427.8508395,,,
412.8888497,,,
393.1751793,,,
369.8272006,,,
333.6234197,,,
352.8995029,,,
369.1029007,,,
381.3659764,,,
389.0104465,,,
391.6074004,,,
389.0104465,,,
381.3659764,,,
369.1029007,,,
352.8995029,,,
333.6234197,,,
299.811641,,,
315.5962863,,,
328.8023605,,,
338.7652636,,,
344.9640852,,,
347.0680932,,,
344.9640852,,,
338.7652636,,,
328.8023605,,,
315.5962863,,,
299.811641,,,
268.9759565,,,
281.8475353,,,
292.5647401,,,
300.6227555,,,
305.6258434,,,
307.3222989,,,
305.6258434,,,
300.6227555,,,
292.5647401,,,
281.8475353,,,
268.9759565,,,
241.2905162,,,
251.774149,,,
260.4616379,,,
266.9711833,,,
271.0039825,,,
272.3699743,,,
271.0039825,,,
266.9711833,,,
260.4616379,,,
251.774149,,,
241.2905162,,,
432.3999845,,,
463.5665695,,,
490.0491068,,,
510.2203045,,,
522.8353021,,,
527.1262502,,,
522.8353021,,,
510.2203045,,,
490.0491068,,,
463.5665695,,,
432.3999845,,,
430.1788346,,,
461.0513999,,,
487.2789235,,,
507.2538966,,,
519.7457144,,,
523.9947277,,,
519.7457144,,,
507.2538966,,,
487.2789235,,,
461.0513999,,,
430.1788346,,,
419.4222551,,,
448.8878738,,,
473.8955079,,,
492.931714,,,
504.8340531,,,
508.8823436,,,
504.8340531,,,
492.931714,,,
473.8955079,,,
448.8878738,,,
419.4222551,,,
401.4132316,,,
428.5866474,,,
451.6084936,,,
469.1163247,,,
480.0584306,,,
483.7796134,,,
480.0584306,,,
469.1163247,,,
451.6084936,,,
428.5866474,,,
401.4132316,,,
378.0707449,,,
402.3928626,,,
422.9481359,,,
438.5576723,,,
448.3064632,,,
451.6209387,,,
448.3064632,,,
438.5576723,,,
422.9481359,,,
402.3928626,,,
378.0707449,,,
351.4837442,,,
372.7261721,,,
390.623027,,,
404.1876489,,,
412.6505382,,,
415.5265805,,,
412.6505382,,,
404.1876489,,,
390.623027,,,
372.7261721,,,
351.4837442,,,
323.5338782,,,
341.736138,,,
357.0162628,,,
368.5702588,,,
375.7689428,,,
378.2138788,,,
375.7689428,,,
368.5702588,,,
357.0162628,,,
341.736138,,,
323.5338782,,,
295.6923967,,,
311.0727325,,,
323.932649,,,
333.6302898,,,
339.662498,,,
341.709704,,,
339.662498,,,
333.6302898,,,
323.932649,,,
311.0727325,,,
295.6923967,,,
268.9759565,,,
281.8475353,,,
292.5647401,,,
300.6227555,,,
305.6258434,,,
307.3222989,,,
305.6258434,,,
300.6227555,,,
292.5647401,,,
281.8475353,,,
268.9759565,,,
244.0003044,,,
254.7079673,,,
263.5854085,,,
270.2396341,,,
274.3630061,,,
275.7598324,,,
274.3630061,,,
270.2396341,,,
263.5854085,,,
254.7079673,,,
244.0003044,,,
221.0728654,,,
229.9526671,,,
237.283532,,,
242.7614535,,,
246.1490627,,,
247.295506,,,
246.1490627,,,
242.7614535,,,
237.283532,,,
229.9526671,,,
221.0728654,,,
363.4945929,,,
386.105801,,,
405.1833617,,,
419.6560091,,,
428.6899135,,,
431.7606617,,,
428.6899135,,,
419.6560091,,,
405.1833617,,,
386.105801,,,
363.4945929,,,
361.9467733,,,
384.3794979,,,
403.303019,,,
417.6571809,,,
426.6165757,,,
429.6619188,,,
426.6165757,,,
417.6571809,,,
403.303019,,,
384.3794979,,,
361.9467733,,,
354.4082195,,,
375.980448,,,
394.1616541,,,
407.9449217,,,
416.5453078,,,
419.468236,,,
416.5453078,,,
407.9449217,,,
394.1616541,,,
375.980448,,,
354.4082195,,,
341.6271693,,,
361.7740628,,,
378.7269964,,,
391.5660092,,,
399.5726148,,,
402.293062,,,
399.5726148,,,
391.5660092,,,
378.7269964,,,
361.7740628,,,
341.6271693,,,
324.7601323,,,
343.0914208,,,
358.482421,,,
370.1215475,,,
377.3737471,,,
379.8369323,,,
377.3737471,,,
370.1215475,,,
358.482421,,,
343.0914208,,,
324.7601323,,,
305.129303,,,
321.4426736,,,
335.1017425,,,
345.4119135,,,
351.828897,,,
354.0072858,,,
351.828897,,,
345.4119135,,,
335.1017425,,,
321.4426736,,,
305.129303,,,
284.0032483,,,
298.2615986,,,
310.162075,,,
319.1250095,,,
324.6959017,,,
326.5858556,,,
324.6959017,,,
319.1250095,,,
310.162075,,,
298.2615986,,,
284.0032483,,,
262.4528331,,,
274.7421227,,,
284.9634228,,,
292.6426351,,,
297.4081895,,,
299.0237195,,,
297.4081895,,,
292.6426351,,,
284.9634228,,,
274.7421227,,,
262.4528331,,,
241.2905162,,,
251.774149,,,
260.4616379,,,
266.9711833,,,
271.0039825,,,
272.3699743,,,
271.0039825,,,
266.9711833,,,
260.4616379,,,
251.774149,,,
241.2905162,,,
221.0728654,,,
229.9526671,,,
237.283532,,,
242.7614535,,,
246.1490627,,,
247.295506,,,
246.1490627,,,
242.7614535,,,
237.283532,,,
229.9526671,,,
221.0728654,,,
202.1383692,,,
209.6260777,,,
215.7846061,,,
220.3737644,,,
223.2065792,,,
224.1644025,,,
223.2065792,,,
220.3737644,,,
215.7846061,,,
209.6260777,,,
202.1383692,,,
