0,0,0,1052.210721
0,0,0.1,1475.301187
0,0,0.2,1711.43026
0,0,0.3,1825.470266
0,0,0.4,1878.004057
0,0,0.5,1893.422508
0,0,0.6,1878.004057
0,0,0.7,1825.470266
0,0,0.8,1711.43026
0,0,0.9,1475.301187
0,0,1,1052.210721
0,0.1,0,857.3459263
0,0.1,0.1,1157.27061
0,0.1,0.2,1346.183607
0,0.1,0.3,1445.969564
0,0.1,0.4,1493.902785
0,0.1,0.5,1508.198581
0,0.1,0.6,1493.902785
0,0.1,0.7,1445.969564
0,0.1,0.8,1346.183607
0,0.1,0.9,1157.27061
0,0.1,1,857.3459263
0,0.2,0,588.6630427
0,0.2,0.1,746.077999
0,0.2,0.2,862.5376659
0,0.2,0.3,934.100714
0,0.2,0.4,971.561785
0,0.2,0.5,983.1480614
0,0.2,0.6,971.561785
0,0.2,0.7,934.100714
0,0.2,0.8,862.5376659
0,0.2,0.9,746.077999
0,0.2,1,588.6630427
0,0.3,0,412.7385897
0,0.3,0.1,497.6695005
0,0.3,0.2,566.3933614
0,0.3,0.3,613.4562532
0,0.3,0.4,640.0534991
0,0.3,0.5,648.5880161
0,0.3,0.6,640.0534991
0,0.3,0.7,613.4562532
0,0.3,0.8,566.3933614
0,0.3,0.9,497.6695005
0,0.3,1,412.7385897
0,0.4,0,303.2397012
0,0.4,0.1,352.7371449
0,0.4,0.2,394.4698264
0,0.4,0.3,424.8451065
0,0.4,0.4,442.9058012
0,0.4,0.5,448.8602933
0,0.4,0.6,442.9058012
0,0.4,0.7,424.8451065
0,0.4,0.8,394.4698264
0,0.4,0.9,352.7371449
0,0.4,1,303.2397012
0,0.5,0,231.7093064
0,0.5,0.1,262.494965
0,0.5,0.2,288.8747342
0,0.5,0.3,308.6720001
0,0.5,0.4,320.7886354
0,0.5,0.5,324.8506341
0,0.5,0.6,320.7886354
0,0.5,0.7,308.6720001
0,0.5,0.8,288.8747342
0,0.5,0.9,262.494965
0,0.5,1,231.7093064
0,0.6,0,182.5112244
0,0.6,0.1,202.6335613
0,0.6,0.2,219.9397006
0,0.6,0.3,233.1026663
0,0.6,0.4,241.2771941
0,0.6,0.5,244.0424259
0,0.6,0.6,241.2771941
0,0.6,0.7,233.1026663
0,0.6,0.8,219.9397006
0,0.6,0.9,202.6335613
0,0.6,1,182.5112244
0,0.7,0,147.219044
0,0.7,0.1,160.8866499
0,0.7,0.2,172.6115028
0,0.7,0.3,181.5657088
0,0.7,0.4,187.1605647
0,0.7,0.5,189.0610528
0,0.7,0.6,187.1605647
0,0.7,0.7,181.5657088
0,0.7,0.8,172.6115028
0,0.7,0.9,160.8866499
0,0.7,1,147.219044
0,0.8,0,121.0468204
0,0.8,0.1,130.6204076
0,0.8,0.2,138.7880151
0,0.8,0.3,145.0204597
0,0.8,0.4,148.9201497
0,0.8,0.5,150.2466194
0,0.8,0.6,148.9201497
0,0.8,0.7,145.0204597
0,0.8,0.8,138.7880151
0,0.8,0.9,130.6204076
0,0.8,1,121.0468204
0,0.9,0,101.1155421
0,0.9,0.1,107.9948573
0,0.9,0.2,113.8244636
0,0.9,0.3,118.2584846
0,0.9,0.4,121.0299299
0,0.9,0.5,121.9724812
0,0.9,0.6,121.0299299
0,0.9,0.7,118.2584846
0,0.9,0.8,113.8244636
0,0.9,0.9,107.9948573
0,0.9,1,101.1155421
0,1,0,85.60406577
0,1,0.1,90.65621156
0,1,0.2,94.90746768
0,1,0.3,98.12714432
0,1,0.4,100.1350236
0,1,0.5,100.81726
0,1,0.6,100.1350236
0,1,0.7,98.12714432
0,1,0.8,94.90746768
0,1,0.9,90.65621156
0,1,1,85.60406577
0.1,0,0,3376.260207
0.1,0,0.1,5821.831317
0.1,0,0.2,6291.913301
0.1,0,0.3,6449.403055
0.1,0,0.4,6513.694068
0.1,0,0.5,6531.806874
0.1,0,0.6,6513.694068
0.1,0,0.7,6449.403055
0.1,0,0.8,6291.913301
0.1,0,0.9,5821.831317
0.1,0,1,3376.260207
0.1,0.1,0,1448.967932
0.1,0.1,0.1,2161.288123
0.1,0.1,0.2,2475.083838
0.1,0.1,0.3,2607.604471
0.1,0.1,0.4,2665.521054
0.1,0.1,0.5,2682.203373
0.1,0.1,0.6,2665.521054
0.1,0.1,0.7,2607.604471
0.1,0.1,0.8,2475.083838
0.1,0.1,0.9,2161.288123
0.1,0.1,1,1448.967932
0.1,0.2,0,736.2960127
0.1,0.2,0.1,967.6932836
0.1,0.2,0.2,1124.688821
0.1,0.2,0.3,1213.139679
0.1,0.2,0.4,1257.100282
0.1,0.2,0.5,1270.393979
0.1,0.2,0.6,1257.100282
0.1,0.2,0.7,1213.139679
0.1,0.2,0.8,1124.688821
0.1,0.2,0.9,967.6932836
0.1,0.2,1,736.2960127
0.1,0.3,0,465.5311243
0.1,0.3,0.1,570.2869299
0.1,0.3,0.2,652.9949029
0.1,0.3,0.3,707.8399779
0.1,0.3,0.4,738.0897574
0.1,0.3,0.5,747.6787368
0.1,0.3,0.6,738.0897574
0.1,0.3,0.7,707.8399779
0.1,0.3,0.8,652.9949029
0.1,0.3,0.9,570.2869299
0.1,0.3,1,465.5311243
0.1,0.4,0,327.0166683
0.1,0.4,0.1,383.5306922
0.1,0.4,0.2,430.8222678
0.1,0.4,0.3,464.8271633
0.1,0.4,0.4,484.8302639
0.1,0.4,0.5,491.3861599
0.1,0.4,0.6,484.8302639
0.1,0.4,0.7,464.8271633
0.1,0.4,0.8,430.8222678
0.1,0.4,0.9,383.5306922
0.1,0.4,1,327.0166683
0.1,0.5,0,244.1269634
0.1,0.5,0.1,277.8952954
0.1,0.5,0.2,306.772993
0.1,0.5,0.3,328.3473607
0.1,0.5,0.4,341.492253
0.1,0.5,0.5,345.8871686
0.1,0.5,0.6,341.492253
0.1,0.5,0.7,328.3473607
0.1,0.5,0.8,306.772993
0.1,0.5,0.9,277.8952954
0.1,0.5,1,244.1269634
0.1,0.6,0,189.6795979
0.1,0.6,0.1,211.2378655
0.1,0.6,0.2,229.777816
0.1,0.6,0.3,243.8588222
0.1,0.6,0.4,252.5882941
0.1,0.6,0.5,255.5379635
0.1,0.6,0.6,252.5882941
0.1,0.6,0.7,243.8588222
0.1,0.6,0.8,229.777816
0.1,0.6,0.9,211.2378655
0.1,0.6,1,189.6795979
0.1,0.7,0,151.6636823
0.1,0.7,0.1,166.086507
0.1,0.7,0.2,178.4667383
0.1,0.7,0.3,187.9194929
0.1,0.7,0.4,193.8227728
0.1,0.7,0.5,195.827248
0.1,0.7,0.6,193.8227728
0.1,0.7,0.7,187.9194929
0.1,0.7,0.8,178.4667383
0.1,0.7,0.9,166.086507
0.1,0.7,1,151.6636823
0.1,0.8,0,123.9538593
0.1,0.8,0.1,133.951678
0.1,0.8,0.2,142.4879403
0.1,0.8,0.3,149.0034785
0.1,0.8,0.4,153.0802779
0.1,0.8,0.5,154.4668974
0.1,0.8,0.6,153.0802779
0.1,0.8,0.7,149.0034785
0.1,0.8,0.8,142.4879403
0.1,0.8,0.9,133.951678
0.1,0.8,1,123.9538593
0.1,0.9,0,103.0975385
0.1,0.9,0.1,110.2276641
0.1,0.9,0.2,116.2745252
0.1,0.9,0.3,120.8757803
0.1,0.9,0.4,123.7523177
0.1,0.9,0.5,124.7306747
0.1,0.9,0.6,123.7523177
0.1,0.9,0.7,120.8757803
0.1,0.9,0.8,116.2745252
0.1,0.9,0.9,110.2276641
0.1,0.9,1,103.0975385
0.1,1,0,87.00122408
0.1,1,0.1,92.20789563
0.1,1,0.2,96.59226354
0.1,1,0.3,99.91426153
0.1,1,0.4,101.9864865
0.1,1,0.5,102.690666
0.1,1,0.6,101.9864865
0.1,1,0.7,99.91426153
0.1,1,0.8,96.59226354
0.1,1,0.9,92.20789563
0.1,1,1,87.00122408
0.2,0,0,3376.260207
0.2,0,0.1,5821.831317
0.2,0,0.2,6291.913301
0.2,0,0.3,6449.403055
0.2,0,0.4,6513.694068
0.2,0,0.5,6531.806874
0.2,0,0.6,6513.694068
0.2,0,0.7,6449.403055
0.2,0,0.8,6291.913301
0.2,0,0.9,5821.831317
0.2,0,1,3376.260207
0.2,0.1,0,1448.967932
0.2,0.1,0.1,2161.288123
0.2,0.1,0.2,2475.083838
0.2,0.1,0.3,2607.604471
0.2,0.1,0.4,2665.521054
0.2,0.1,0.5,2682.203373
0.2,0.1,0.6,2665.521054
0.2,0.1,0.7,2607.604471
0.2,0.1,0.8,2475.083838
0.2,0.1,0.9,2161.288123
0.2,0.1,1,1448.967932
0.2,0.2,0,736.2960127
0.2,0.2,0.1,967.6932836
0.2,0.2,0.2,1124.688821
0.2,0.2,0.3,1213.139679
0.2,0.2,0.4,1257.100282
0.2,0.2,0.5,1270.393979
0.2,0.2,0.6,1257.100282
0.2,0.2,0.7,1213.139679
0.2,0.2,0.8,1124.688821
0.2,0.2,0.9,967.6932836
0.2,0.2,1,736.2960127
0.2,0.3,0,465.5311243
0.2,0.3,0.1,570.2869299
0.2,0.3,0.2,652.9949029
0.2,0.3,0.3,707.8399779
0.2,0.3,0.4,738.0897574
0.2,0.3,0.5,747.6787368
0.2,0.3,0.6,738.0897574
0.2,0.3,0.7,707.8399779
0.2,0.3,0.8,652.9949029
0.2,0.3,0.9,570.2869299
0.2,0.3,1,465.5311243
0.2,0.4,0,327.0166683
0.2,0.4,0.1,383.5306922
0.2,0.4,0.2,430.8222678
0.2,0.4,0.3,464.8271633
0.2,0.4,0.4,484.8302639
0.2,0.4,0.5,491.3861599
0.2,0.4,0.6,484.8302639
0.2,0.4,0.7,464.8271633
0.2,0.4,0.8,430.8222678
0.2,0.4,0.9,383.5306922
0.2,0.4,1,327.0166683
0.2,0.5,0,244.1269634
0.2,0.5,0.1,277.8952954
0.2,0.5,0.2,306.772993
0.2,0.5,0.3,328.3473607
0.2,0.5,0.4,341.492253
0.2,0.5,0.5,345.8871686
0.2,0.5,0.6,341.492253
0.2,0.5,0.7,328.3473607
0.2,0.5,0.8,306.772993
0.2,0.5,0.9,277.8952954
0.2,0.5,1,244.1269634
0.2,0.6,0,189.6795979
0.2,0.6,0.1,211.2378655
0.2,0.6,0.2,229.777816
0.2,0.6,0.3,243.8588222
0.2,0.6,0.4,252.5882941
0.2,0.6,0.5,255.5379635
0.2,0.6,0.6,252.5882941
0.2,0.6,0.7,243.8588222
0.2,0.6,0.8,229.777816
0.2,0.6,0.9,211.2378655
0.2,0.6,1,189.6795979
0.2,0.7,0,151.6636823
0.2,0.7,0.1,166.086507
0.2,0.7,0.2,178.4667383
0.2,0.7,0.3,187.9194929
0.2,0.7,0.4,193.8227728
0.2,0.7,0.5,195.827248
0.2,0.7,0.6,193.8227728
0.2,0.7,0.7,187.9194929
0.2,0.7,0.8,178.4667383
0.2,0.7,0.9,166.086507
0.2,0.7,1,151.6636823
0.2,0.8,0,123.9538593
0.2,0.8,0.1,133.951678
0.2,0.8,0.2,142.4879403
0.2,0.8,0.3,149.0034785
0.2,0.8,0.4,153.0802779
0.2,0.8,0.5,154.4668974
0.2,0.8,0.6,153.0802779
0.2,0.8,0.7,149.0034785
0.2,0.8,0.8,142.4879403
0.2,0.8,0.9,133.951678
0.2,0.8,1,123.9538593
0.2,0.9,0,103.0975385
0.2,0.9,0.1,110.2276641
0.2,0.9,0.2,116.2745252
0.2,0.9,0.3,120.8757803
0.2,0.9,0.4,123.7523177
0.2,0.9,0.5,124.7306747
0.2,0.9,0.6,123.7523177
0.2,0.9,0.7,120.8757803
0.2,0.9,0.8,116.2745252
0.2,0.9,0.9,110.2276641
0.2,0.9,1,103.0975385
0.2,1,0,87.00122408
0.2,1,0.1,92.20789563
0.2,1,0.2,96.59226354
0.2,1,0.3,99.91426153
0.2,1,0.4,101.9864865
0.2,1,0.5,102.690666
0.2,1,0.6,101.9864865
0.2,1,0.7,99.91426153
0.2,1,0.8,96.59226354
0.2,1,0.9,92.20789563
0.2,1,1,87.00122408
0.3,0,0,1052.210721
0.3,0,0.1,1475.301187
0.3,0,0.2,1711.43026
0.3,0,0.3,1825.470266
0.3,0,0.4,1878.004057
0.3,0,0.5,1893.422508
0.3,0,0.6,1878.004057
0.3,0,0.7,1825.470266
0.3,0,0.8,1711.43026
0.3,0,0.9,1475.301187
0.3,0,1,1052.210721
0.3,0.1,0,857.3459263
0.3,0.1,0.1,1157.27061
0.3,0.1,0.2,1346.183607
0.3,0.1,0.3,1445.969564
0.3,0.1,0.4,1493.902785
0.3,0.1,0.5,1508.198581
0.3,0.1,0.6,1493.902785
0.3,0.1,0.7,1445.969564
0.3,0.1,0.8,1346.183607
0.3,0.1,0.9,1157.27061
0.3,0.1,1,857.3459263
0.3,0.2,0,588.6630427
0.3,0.2,0.1,746.077999
0.3,0.2,0.2,862.5376659
0.3,0.2,0.3,934.100714
0.3,0.2,0.4,971.561785
0.3,0.2,0.5,983.1480614
0.3,0.2,0.6,971.561785
0.3,0.2,0.7,934.100714
0.3,0.2,0.8,862.5376659
0.3,0.2,0.9,746.077999
0.3,0.2,1,588.6630427
0.3,0.3,0,412.7385897
0.3,0.3,0.1,497.6695005
0.3,0.3,0.2,566.3933614
0.3,0.3,0.3,613.4562532
0.3,0.3,0.4,640.0534991
0.3,0.3,0.5,648.5880161
0.3,0.3,0.6,640.0534991
0.3,0.3,0.7,613.4562532
0.3,0.3,0.8,566.3933614
0.3,0.3,0.9,497.6695005
0.3,0.3,1,412.7385897
0.3,0.4,0,303.2397012
0.3,0.4,0.1,352.7371449
0.3,0.4,0.2,394.4698264
0.3,0.4,0.3,424.8451065
0.3,0.4,0.4,442.9058012
0.3,0.4,0.5,448.8602933
0.3,0.4,0.6,442.9058012
0.3,0.4,0.7,424.8451065
0.3,0.4,0.8,394.4698264
0.3,0.4,0.9,352.7371449
0.3,0.4,1,303.2397012
0.3,0.5,0,231.7093064
0.3,0.5,0.1,262.494965
0.3,0.5,0.2,288.8747342
0.3,0.5,0.3,308.6720001
0.3,0.5,0.4,320.7886354
0.3,0.5,0.5,324.8506341
0.3,0.5,0.6,320.7886354
0.3,0.5,0.7,308.6720001
0.3,0.5,0.8,288.8747342
0.3,0.5,0.9,262.494965
0.3,0.5,1,231.7093064
0.3,0.6,0,182.5112244
0.3,0.6,0.1,202.6335613
0.3,0.6,0.2,219.9397006
0.3,0.6,0.3,233.1026663
0.3,0.6,0.4,241.2771941
0.3,0.6,0.5,244.0424259
0.3,0.6,0.6,241.2771941
0.3,0.6,0.7,233.1026663
0.3,0.6,0.8,219.9397006
0.3,0.6,0.9,202.6335613
0.3,0.6,1,182.5112244
0.3,0.7,0,147.219044
0.3,0.7,0.1,160.8866499
0.3,0.7,0.2,172.6115028
0.3,0.7,0.3,181.5657088
0.3,0.7,0.4,187.1605647
0.3,0.7,0.5,189.0610528
0.3,0.7,0.6,187.1605647
0.3,0.7,0.7,181.5657088
0.3,0.7,0.8,172.6115028
0.3,0.7,0.9,160.8866499
0.3,0.7,1,147.219044
0.3,0.8,0,121.0468204
0.3,0.8,0.1,130.6204076
0.3,0.8,0.2,138.7880151
0.3,0.8,0.3,145.0204597
0.3,0.8,0.4,148.9201497
0.3,0.8,0.5,150.2466194
0.3,0.8,0.6,148.9201497
0.3,0.8,0.7,145.0204597
0.3,0.8,0.8,138.7880151
0.3,0.8,0.9,130.6204076
0.3,0.8,1,121.0468204
0.3,0.9,0,101.1155421
0.3,0.9,0.1,107.9948573
0.3,0.9,0.2,113.8244636
0.3,0.9,0.3,118.2584846
0.3,0.9,0.4,121.0299299
0.3,0.9,0.5,121.9724812
0.3,0.9,0.6,121.0299299
0.3,0.9,0.7,118.2584846
0.3,0.9,0.8,113.8244636
0.3,0.9,0.9,107.9948573
0.3,0.9,1,101.1155421
0.3,1,0,85.60406577
0.3,1,0.1,90.65621156
0.3,1,0.2,94.90746768
0.3,1,0.3,98.12714432
0.3,1,0.4,100.1350236
0.3,1,0.5,100.81726
0.3,1,0.6,100.1350236
0.3,1,0.7,98.12714432
0.3,1,0.8,94.90746768
0.3,1,0.9,90.65621156
0.3,1,1,85.60406577
0.4,0,0,588.6630427
0.4,0,0.1,746.077999
0.4,0,0.2,862.5376659
0.4,0,0.3,934.100714
0.4,0,0.4,971.561785
0.4,0,0.5,983.1480614
0.4,0,0.6,971.561785
0.4,0,0.7,934.100714
0.4,0,0.8,862.5376659
0.4,0,0.9,746.077999
0.4,0,1,588.6630427
0.4,0.1,0,539.1223447
0.4,0.1,0.1,674.3062852
0.4,0.1,0.2,777.0785541
0.4,0.1,0.3,842.1879109
0.4,0.1,0.4,876.9628947
0.4,0.1,0.5,887.8181219
0.4,0.1,0.6,876.9628947
0.4,0.1,0.7,842.1879109
0.4,0.1,0.8,777.0785541
0.4,0.1,0.9,674.3062852
0.4,0.1,1,539.1223447
0.4,0.2,0,437.1792021
0.4,0.2,0.1,531.0744075
0.4,0.2,0.2,606.215569
0.4,0.2,0.3,656.9177756
0.4,0.2,0.4,685.24784
0.4,0.2,0.5,694.2862602
0.4,0.2,0.6,685.24784
0.4,0.2,0.7,656.9177756
0.4,0.2,0.8,606.215569
0.4,0.2,0.9,531.0744075
0.4,0.2,1,437.1792021
0.4,0.3,0,340.6626075
0.4,0.3,0.1,401.3768454
0.4,0.3,0.2,451.9444361
0.4,0.3,0.3,488.0399659
0.4,0.3,0.4,509.1397873
0.4,0.3,0.5,516.0315085
0.4,0.3,0.6,509.1397873
0.4,0.3,0.7,488.0399659
0.4,0.3,0.8,451.9444361
0.4,0.3,0.9,401.3768454
0.4,0.3,1,340.6626075
0.4,0.4,0,265.9215887
0.4,0.4,0.1,305.1985507
0.4,0.4,0.2,338.6398447
0.4,0.4,0.3,363.4045564
0.4,0.4,0.4,378.3653872
0.4,0.4,0.5,383.3426419
0.4,0.4,0.6,378.3653872
0.4,0.4,0.7,363.4045564
0.4,0.4,0.8,338.6398447
0.4,0.4,0.9,305.1985507
0.4,0.4,1,265.9215887
0.4,0.5,0,210.6864176
0.4,0.5,0.1,236.6864889
0.4,0.5,0.2,259.0205169
0.4,0.5,0.3,275.8937486
0.4,0.5,0.4,286.2927171
0.4,0.5,0.5,289.7935864
0.4,0.5,0.6,286.2927171
0.4,0.5,0.7,275.8937486
0.4,0.5,0.8,259.0205169
0.4,0.5,0.9,236.6864889
0.4,0.5,1,210.6864176
0.4,0.6,0,169.8165274
0.4,0.6,0.1,187.4978896
0.4,0.6,0.2,202.6994401
0.4,0.6,0.3,214.2856801
0.4,0.6,0.4,221.5004076
0.4,0.6,0.5,223.9452754
0.4,0.6,0.6,221.5004076
0.4,0.6,0.7,214.2856801
0.4,0.6,0.8,202.6994401
0.4,0.6,0.9,187.4978896
0.4,0.6,1,169.8165274
0.4,0.7,0,139.1181837
0.4,0.7,0.1,151.4534352
0.4,0.7,0.2,162.0211399
0.4,0.7,0.3,170.0926816
0.4,0.7,0.4,175.1397995
0.4,0.7,0.5,176.8552517
0.4,0.7,0.6,175.1397995
0.4,0.7,0.7,170.0926816
0.4,0.7,0.8,162.0211399
0.4,0.7,0.9,151.4534352
0.4,0.7,1,139.1181837
0.4,0.8,0,115.6441749
0.4,0.8,0.1,124.4501756
0.4,0.8,0.2,131.9509781
0.4,0.8,0.3,137.6709489
0.4,0.8,0.4,141.2496402
0.4,0.8,0.5,142.4670032
0.4,0.8,0.6,141.2496402
0.4,0.8,0.7,137.6709489
0.4,0.8,0.8,131.9509781
0.4,0.8,0.9,124.4501756
0.4,0.8,1,115.6441749
0.4,0.9,0,97.38078647
0.4,0.9,0.1,103.7980233
0.4,0.9,0.2,109.2276893
0.4,0.9,0.3,113.353863
0.4,0.9,0.4,115.9317933
0.4,0.9,0.5,116.8083945
0.4,0.9,0.6,115.9317933
0.4,0.9,0.7,113.353863
0.4,0.9,0.8,109.2276893
0.4,0.9,0.9,103.7980233
0.4,0.9,1,97.38078647
0.4,1,0,82.94439019
0.4,1,0.1,87.70799941
0.4,1,0.2,91.71093514
0.4,1,0.3,94.73980851
0.4,1,0.4,96.62771134
0.4,1,0.5,97.26903264
0.4,1,0.6,96.62771134
0.4,1,0.7,94.73980851
0.4,1,0.8,91.71093514
0.4,1,0.9,87.70799941
0.4,1,1,82.94439019
0.5,0,0,391.3928209
0.5,0,0.1,468.802061
0.5,0,0.2,532.0172913
0.5,0,0.3,575.8600682
0.5,0,0.4,600.8868309
0.5,0,0.5,608.9589156
0.5,0,0.6,600.8868309
0.5,0,0.7,575.8600682
0.5,0,0.8,532.0172913
0.5,0,0.9,468.802061
0.5,0,1,391.3928209
0.5,0.1,0,372.5455493
0.5,0.1,0.1,443.5560422
0.5,0.1,0.2,501.9933975
0.5,0.1,0.3,542.9687036
0.5,0.1,0.4,566.5668043
0.5,0.1,0.5,574.2134506
0.5,0.1,0.6,566.5668043
0.5,0.1,0.7,542.9687036
0.5,0.1,0.8,501.9933975
0.5,0.1,0.9,443.5560422
0.5,0.1,1,372.5455493
0.5,0.2,0,327.0166683
0.5,0.2,0.1,383.5306922
0.5,0.2,0.2,430.8222678
0.5,0.2,0.3,464.8271633
0.5,0.2,0.4,484.8302639
0.5,0.2,0.5,491.3861599
0.5,0.2,0.6,484.8302639
0.5,0.2,0.7,464.8271633
0.5,0.2,0.8,430.8222678
0.5,0.2,0.9,383.5306922
0.5,0.2,1,327.0166683
0.5,0.3,0,274.2272098
0.5,0.3,0.1,315.6936882
0.5,0.3,0.2,350.9305814
0.5,0.3,0.3,376.9305891
0.5,0.3,0.4,392.5841603
0.5,0.3,0.5,397.7816553
0.5,0.3,0.6,392.5841603
0.5,0.3,0.7,376.9305891
0.5,0.3,0.8,350.9305814
0.5,0.3,0.9,315.6936882
0.5,0.3,1,274.2272098
0.5,0.4,0,226.0195768
0.5,0.4,0.1,255.4770155
0.5,0.4,0.2,280.7385017
0.5,0.4,0.3,299.7331607
0.5,0.4,0.4,311.3814957
0.5,0.4,0.5,315.2911246
0.5,0.4,0.6,311.3814957
0.5,0.4,0.7,299.7331607
0.5,0.4,0.8,280.7385017
0.5,0.4,0.9,255.4770155
0.5,0.4,1,226.0195768
0.5,0.5,0,186.0192857
0.5,0.5,0.1,206.8391967
0.5,0.5,0.2,224.7451351
0.5,0.5,0.3,238.3549898
0.5,0.5,0.4,246.8000212
0.5,0.5,0.5,249.6552298
0.5,0.5,0.6,246.8000212
0.5,0.5,0.7,238.3549898
0.5,0.5,0.8,224.7451351
0.5,0.5,0.9,206.8391967
0.5,0.5,1,186.0192857
0.5,0.6,0,153.9965918
0.5,0.6,0.1,168.8226032
0.5,0.6,0.2,181.5525252
0.5,0.6,0.3,191.2708599
0.5,0.6,0.4,197.3381466
0.5,0.6,0.5,199.3978555
0.5,0.6,0.6,197.3381466
0.5,0.6,0.7,191.2708599
0.5,0.6,0.8,181.5525252
0.5,0.6,0.9,168.8226032
0.5,0.6,1,153.9965918
0.5,0.7,0,128.6035896
0.5,0.7,0.1,139.2960643
0.5,0.7,0.2,148.4360753
0.5,0.7,0.3,155.4148094
0.5,0.7,0.4,159.7810365
0.5,0.7,0.5,161.26587
0.5,0.7,0.6,159.7810365
0.5,0.7,0.7,155.4148094
0.5,0.7,0.8,148.4360753
0.5,0.7,0.9,139.2960643
0.5,0.7,1,128.6035896
0.5,0.8,0,108.4280676
0.5,0.8,0.1,116.25174
0.5,0.8,0.2,122.8998851
0.5,0.8,0.3,127.9639335
0.5,0.8,0.4,131.1311427
0.5,0.8,0.5,132.2084926
0.5,0.8,0.6,131.1311427
0.5,0.8,0.7,127.9639335
0.5,0.8,0.8,122.8998851
0.5,0.8,0.9,116.25174
0.5,0.8,1,108.4280676
0.5,0.9,0,92.28724925
0.5,0.9,0.1,98.09675452
0.5,0.9,0.2,103.0011512
0.5,0.9,0.3,106.7231047
0.5,0.9,0.4,109.046858
0.5,0.9,0.5,109.8368074
0.5,0.9,0.6,109.046858
0.5,0.9,0.7,106.7231047
0.5,0.9,0.8,103.0011512
0.5,0.9,0.9,98.09675452
0.5,0.9,1,92.28724925
0.5,1,0,79.25978337
0.5,1,0.1,83.6359707
0.5,1,0.2,87.30600347
0.5,1,0.3,90.079272
0.5,1,0.4,91.80648991
0.5,1,0.5,92.39301535
0.5,1,0.6,91.80648991
0.5,1,0.7,90.079272
0.5,1,0.8,87.30600347
0.5,1,0.9,83.6359707
0.5,1,1,79.25978337
0.6,0,0,283.1591255
0.6,0,0.1,327.0350237
0.6,0,0.2,364.235695
0.6,0,0.3,391.5738245
0.6,0,0.4,407.9712645
0.6,0,0.5,413.404071
0.6,0,0.6,407.9712645
0.6,0,0.7,391.5738245
0.6,0,0.8,364.235695
0.6,0,0.9,327.0350237
0.6,0,1,283.1591255
0.6,0.1,0,274.2272098
0.6,0.1,0.1,315.6936882
0.6,0.1,0.2,350.9305814
0.6,0.1,0.3,376.9305891
0.6,0.1,0.4,392.5841603
0.6,0.1,0.5,397.7816553
0.6,0.1,0.6,392.5841603
0.6,0.1,0.7,376.9305891
0.6,0.1,0.8,350.9305814
0.6,0.1,0.9,315.6936882
0.6,0.1,1,274.2272098
0.6,0.2,0,250.925758
0.6,0.2,0.1,286.3753659
0.6,0.2,0.2,316.6528276
0.6,0.2,0.3,339.2135037
0.6,0.2,0.4,352.9239298
0.6,0.2,0.5,357.5009742
0.6,0.2,0.6,352.9239298
0.6,0.2,0.7,339.2135037
0.6,0.2,0.8,316.6528276
0.6,0.2,0.9,286.3753659
0.6,0.2,1,250.925758
0.6,0.3,0,220.6358185
0.6,0.3,0.1,248.8589304
0.6,0.3,0.2,273.0779845
0.6,0.3,0.3,291.3205894
0.6,0.3,0.4,302.5279319
0.6,0.3,0.5,306.2936521
0.6,0.3,0.6,302.5279319
0.6,0.3,0.7,291.3205894
0.6,0.3,0.8,273.0779845
0.6,0.3,0.9,248.8589304
0.6,0.3,1,220.6358185
0.6,0.4,0,189.6795979
0.6,0.4,0.1,211.2378655
0.6,0.4,0.2,229.777816
0.6,0.4,0.3,243.8588222
0.6,0.4,0.4,252.5882941
0.6,0.4,0.5,255.5379635
0.6,0.4,0.6,252.5882941
0.6,0.4,0.7,243.8588222
0.6,0.4,0.8,229.777816
0.6,0.4,0.9,211.2378655
0.6,0.4,1,189.6795979
0.6,0.5,0,161.4868843
0.6,0.5,0.1,177.6386603
0.6,0.5,0.2,191.5173279
0.6,0.5,0.3,202.1058824
0.6,0.5,0.4,208.7090887
0.6,0.5,0.5,210.9489713
0.6,0.5,0.6,208.7090887
0.6,0.5,0.7,202.1058824
0.6,0.5,0.8,191.5173279
0.6,0.5,0.9,177.6386603
0.6,0.5,1,161.4868843
0.6,0.6,0,137.2396923
0.6,0.6,0.1,149.2742183
0.6,0.6,0.2,159.5806208
0.6,0.6,0.3,167.452445
0.6,0.6,0.4,172.3753437
0.6,0.6,0.5,174.0487707
0.6,0.6,0.6,172.3753437
0.6,0.6,0.7,167.452445
0.6,0.6,0.8,159.5806208
0.6,0.6,0.9,149.2742183
0.6,0.6,1,137.2396923
0.6,0.7,0,116.9466008
0.6,0.7,0.1,125.9351499
0.6,0.7,0.2,133.5944994
0.6,0.7,0.3,139.4363663
0.6,0.7,0.4,143.0914522
0.6,0.7,0.5,144.3347915
0.6,0.7,0.6,143.0914522
0.6,0.7,0.7,139.4363663
0.6,0.7,0.8,133.5944994
0.6,0.7,0.9,125.9351499
0.6,0.7,1,116.9466008
0.6,0.8,0,100.1540811
0.6,0.8,0.1,106.9131207
0.6,0.8,0.2,112.6385841
0.6,0.8,0.3,116.9924402
0.6,0.8,0.4,119.7135002
0.6,0.8,0.5,120.6388822
0.6,0.8,0.6,119.7135002
0.6,0.8,0.7,116.9924402
0.6,0.8,0.8,112.6385841
0.6,0.8,0.9,106.9131207
0.6,0.8,1,100.1540811
0.6,0.9,0,86.2967935
0.6,0.9,0.1,91.42530174
0.6,0.9,0.2,95.74232775
0.6,0.9,0.3,99.01255755
0.6,0.9,0.4,101.0522272
0.6,0.9,0.5,101.7453048
0.6,0.9,0.6,101.0522272
0.6,0.9,0.7,99.01255755
0.6,0.9,0.8,95.74232775
0.6,0.9,0.9,91.42530174
0.6,0.9,1,86.2967935
0.6,1,0,74.84071897
0.6,1,0.1,78.77137753
0.6,1,0.2,82.05941403
0.6,1,0.3,84.53971785
0.6,1,0.4,86.08285018
0.6,1,0.5,86.60660799
0.6,1,0.6,86.08285018
0.6,1,0.7,84.53971785
0.6,1,0.8,82.05941403
0.6,1,0.9,78.77137753
0.6,1,1,74.84071897
0.7,0,0,215.5323561
0.7,0,0.1,242.605722
0.7,0,0.2,265.8510514
0.7,0,0.3,283.3878055
0.7,0,0.4,294.1793333
0.7,0,0.5,297.8089879
0.7,0,0.6,294.1793333
0.7,0,0.7,283.3878055
0.7,0,0.8,265.8510514
0.7,0,0.9,242.605722
0.7,0,1,215.5323561
0.7,0.1,0,210.6864176
0.7,0.1,0.1,236.6864889
0.7,0.1,0.2,259.0205169
0.7,0.1,0.3,275.8937486
0.7,0.1,0.4,286.2927171
0.7,0.1,0.5,289.7935864
0.7,0.1,0.6,286.2927171
0.7,0.1,0.7,275.8937486
0.7,0.1,0.8,259.0205169
0.7,0.1,0.9,236.6864889
0.7,0.1,1,210.6864176
0.7,0.2,0,197.5014595
0.7,0.2,0.1,220.6732138
0.7,0.2,0.2,240.5954404
0.7,0.2,0.3,255.6991946
0.7,0.2,0.4,265.0434254
0.7,0.2,0.5,268.1967119
0.7,0.2,0.6,265.0434254
0.7,0.2,0.7,255.6991946
0.7,0.2,0.8,240.5954404
0.7,0.2,0.9,220.6732138
0.7,0.2,1,197.5014595
0.7,0.3,0,179.1455443
0.7,0.3,0.1,198.6079416
0.7,0.3,0.2,215.3459446
0.7,0.3,0.3,228.0845862
0.7,0.3,0.4,236.0016358
0.7,0.3,0.5,238.6810941
0.7,0.3,0.6,236.0016358
0.7,0.3,0.7,228.0845862
0.7,0.3,0.8,215.3459446
0.7,0.3,0.9,198.6079416
0.7,0.3,1,179.1455443
0.7,0.4,0,158.9037047
0.7,0.4,0.1,174.5929081
0.7,0.4,0.2,188.0709739
0.7,0.4,0.3,198.3564523
0.7,0.4,0.4,204.7732722
0.7,0.4,0.5,206.9505476
0.7,0.4,0.6,204.7732722
0.7,0.4,0.7,198.3564523
0.7,0.4,0.8,188.0709739
0.7,0.4,0.9,174.5929081
0.7,0.4,1,158.9037047
0.7,0.5,0,139.1181837
0.7,0.5,0.1,151.4534352
0.7,0.5,0.2,162.0211399
0.7,0.5,0.3,170.0926816
0.7,0.5,0.4,175.1397995
0.7,0.5,0.5,176.8552517
0.7,0.5,0.6,175.1397995
0.7,0.5,0.7,170.0926816
0.7,0.5,0.8,162.0211399
0.7,0.5,0.9,151.4534352
0.7,0.5,1,139.1181837
0.7,0.6,0,121.0468204
0.7,0.6,0.1,130.6204076
0.7,0.6,0.2,138.7880151
0.7,0.6,0.3,145.0204597
0.7,0.6,0.4,148.9201497
0.7,0.6,0.5,150.2466194
0.7,0.6,0.6,148.9201497
0.7,0.6,0.7,145.0204597
0.7,0.6,0.8,138.7880151
0.7,0.6,0.9,130.6204076
0.7,0.6,1,121.0468204
0.7,0.7,0,105.1625724
0.7,0.7,0.1,112.558104
0.7,0.7,0.2,118.8349791
0.7,0.7,0.3,123.6132835
0.7,0.7,0.4,126.6010509
0.7,0.7,0.5,127.6172967
0.7,0.7,0.6,126.6010509
0.7,0.7,0.7,123.6132835
0.7,0.7,0.8,118.8349791
0.7,0.7,0.9,112.558104
0.7,0.7,1,105.1625724
0.7,0.8,0,91.49161685
0.7,0.8,0.1,97.20855864
0.7,0.8,0.2,102.0330358
0.7,0.8,0.3,105.6935045
0.7,0.8,0.4,107.9785909
0.7,0.8,0.5,108.7553561
0.7,0.8,0.6,107.9785909
0.7,0.8,0.7,105.6935045
0.7,0.8,0.8,102.0330358
0.7,0.8,0.9,97.20855864
0.7,0.8,1,91.49161685
0.7,0.9,0,79.85028087
0.7,0.9,0.1,84.28758772
0.7,0.9,0.2,88.01009673
0.7,0.9,0.3,90.82364052
0.7,0.9,0.4,92.57617349
0.7,0.9,0.5,93.17133144
0.7,0.9,0.6,92.57617349
0.7,0.9,0.7,90.82364052
0.7,0.9,0.8,88.01009673
0.7,0.9,0.9,84.28758772
0.7,0.9,1,79.85028087
0.7,1,0,69.98031956
0.7,1,0.1,73.44545863
0.7,1,0.2,76.33546802
0.7,1,0.3,78.5109944
0.7,1,0.4,79.86276273
0.7,1,0.5,80.32128899
0.7,1,0.6,79.86276273
0.7,1,0.7,78.5109944
0.7,1,0.8,76.33546802
0.7,1,0.9,73.44545863
0.7,1,1,69.98031956
0.8,0,0,169.8165274
0.8,0,0.1,187.4978896
0.8,0,0.2,202.6994401
0.8,0,0.3,214.2856801
0.8,0,0.4,221.5004076
0.8,0,0.5,223.9452754
0.8,0,0.6,221.5004076
0.8,0,0.7,214.2856801
0.8,0,0.8,202.6994401
0.8,0,0.9,187.4978896
0.8,0,1,169.8165274
0.8,0.1,0,166.9376423
0.8,0.1,0.1,184.0838278
0.8,0.1,0.2,198.8228519
0.8,0.1,0.3,210.0608259
0.8,0.1,0.4,217.0624478
0.8,0.1,0.5,219.4359565
0.8,0.1,0.6,217.0624478
0.8,0.1,0.7,210.0608259
0.8,0.1,0.8,198.8228519
0.8,0.1,0.9,184.0838278
0.8,0.1,1,166.9376423
0.8,0.2,0,158.9037047
0.8,0.2,0.1,174.5929081
0.8,0.2,0.2,188.0709739
0.8,0.2,0.3,198.3564523
0.8,0.2,0.4,204.7732722
0.8,0.2,0.5,206.9505476
0.8,0.2,0.6,204.7732722
0.8,0.2,0.7,198.3564523
0.8,0.2,0.8,188.0709739
0.8,0.2,0.9,174.5929081
0.8,0.2,1,158.9037047
0.8,0.3,0,147.219044
0.8,0.3,0.1,160.8866499
0.8,0.3,0.2,172.6115028
0.8,0.3,0.3,181.5657088
0.8,0.3,0.4,187.1605647
0.8,0.3,0.5,189.0610528
0.8,0.3,0.6,187.1605647
0.8,0.3,0.7,181.5657088
0.8,0.3,0.8,172.6115028
0.8,0.3,0.9,160.8866499
0.8,0.3,1,147.219044
0.8,0.4,0,133.640629
0.8,0.4,0.1,145.1077384
0.8,0.4,0.2,154.9210304
0.8,0.4,0.3,162.4155932
0.8,0.4,0.4,167.1035731
0.8,0.4,0.5,168.6974637
0.8,0.4,0.6,167.1035731
0.8,0.4,0.7,162.4155932
0.8,0.4,0.8,154.9210304
0.8,0.4,0.9,145.1077384
0.8,0.4,1,133.640629
0.8,0.5,0,119.6466965
0.8,0.5,0.1,129.0187481
0.8,0.5,0.2,137.0112483
0.8,0.5,0.3,143.1091638
0.8,0.5,0.4,146.9246351
0.8,0.5,0.5,148.2224899
0.8,0.5,0.6,146.9246351
0.8,0.5,0.7,143.1091638
0.8,0.5,0.8,137.0112483
0.8,0.5,0.9,129.0187481
0.8,0.5,1,119.6466965
0.8,0.6,0,106.2279387
0.8,0.6,0.1,113.7620174
0.8,0.6,0.2,120.1590079
0.8,0.6,0.3,125.0297635
0.8,0.6,0.4,128.0755993
0.8,0.6,0.5,129.1116215
0.8,0.6,0.6,128.0755993
0.8,0.6,0.7,125.0297635
0.8,0.6,0.8,120.1590079
0.8,0.6,0.9,113.7620174
0.8,0.6,1,106.2279387
0.8,0.7,0,93.92245432
0.8,0.7,0.1,99.92421456
0.8,0.7,0.2,104.9946791
0.8,0.7,0.3,108.8444112
0.8,0.7,0.4,111.2485196
0.8,0.7,0.5,112.0658658
0.8,0.7,0.6,111.2485196
0.8,0.7,0.7,108.8444112
0.8,0.7,0.8,104.9946791
0.8,0.7,0.9,99.92421456
0.8,0.7,1,93.92245432
0.8,0.8,0,82.94439019
0.8,0.8,0.1,87.70799941
0.8,0.8,0.2,91.71093514
0.8,0.8,0.3,94.73980851
0.8,0.8,0.4,96.62771134
0.8,0.8,0.5,97.26903264
0.8,0.8,0.6,96.62771134
0.8,0.8,0.7,94.73980851
0.8,0.8,0.8,91.71093514
0.8,0.8,0.9,87.70799941
0.8,0.8,1,82.94439019
0.8,0.9,0,73.31129132
0.8,0.9,0.1,77.0926737
0.8,0.9,0.2,80.25294447
0.8,0.9,0.3,82.63535619
0.8,0.9,0.4,84.11700525
0.8,0.9,0.5,84.61980238
0.8,0.9,0.6,84.11700525
0.8,0.9,0.7,82.63535619
0.8,0.9,0.8,80.25294447
0.8,0.9,0.9,77.0926737
0.8,0.9,1,73.31129132
0.8,1,0,64.9373523
0.8,1,0.1,67.94716947
0.8,1,0.2,70.44915831
0.8,1,0.3,72.3281686
0.8,1,0.4,73.4939592
0.8,1,0.5,73.88911788
0.8,1,0.6,73.4939592
0.8,1,0.7,72.3281686
0.8,1,0.8,70.44915831
0.8,1,0.9,67.94716947
0.8,1,1,64.9373523
0.9,0,0,137.2396923
0.9,0,0.1,149.2742183
0.9,0,0.2,159.5806208
0.9,0,0.3,167.452445
0.9,0,0.4,172.3753437
0.9,0,0.5,174.0487707
0.9,0,0.6,172.3753437
0.9,0,0.7,167.452445
0.9,0,0.8,159.5806208
0.9,0,0.9,149.2742183
0.9,0,1,137.2396923
0.9,0.1,0,135.4146249
0.9,0.1,0.1,147.1599747
0.9,0.1,0.2,157.2150809
0.9,0.1,0.3,164.8947061
0.9,0.1,0.4,169.6979671
0.9,0.1,0.5,171.330898
0.9,0.1,0.6,169.6979671
0.9,0.1,0.7,164.8947061
0.9,0.1,0.8,157.2150809
0.9,0.1,0.9,147.1599747
0.9,0.1,1,135.4146249
0.9,0.2,0,130.2371333
0.9,0.2,0.1,141.178321
0.9,0.2,0.2,150.5345074
0.9,0.2,0.3,157.678949
0.9,0.2,0.4,162.1486044
0.9,0.2,0.5,163.6685095
0.9,0.2,0.6,162.1486044
0.9,0.2,0.7,157.678949
0.9,0.2,0.8,150.5345074
0.9,0.2,0.9,141.178321
0.9,0.2,1,130.2371333
0.9,0.3,0,122.4820749
0.9,0.3,0.1,132.2641384
0.9,0.3,0.2,140.6129026
0.9,0.3,0.3,146.9844822
0.9,0.3,0.4,150.9712379
0.9,0.3,0.5,152.3272814
0.9,0.3,0.6,150.9712379
0.9,0.3,0.7,146.9844822
0.9,0.3,0.8,140.6129026
0.9,0.3,0.9,132.2641384
0.9,0.3,1,122.4820749
0.9,0.4,0,113.1288837
0.9,0.4,0.1,121.5868621
0.9,0.4,0.2,128.7854739
0.9,0.4,0.3,134.2730439
0.9,0.4,0.4,137.7060169
0.9,0.4,0.5,138.8738152
0.9,0.4,0.6,137.7060169
0.9,0.4,0.7,134.2730439
0.9,0.4,0.8,128.7854739
0.9,0.4,0.9,121.5868621
0.9,0.4,1,113.1288837
0.9,0.5,0,103.0975385
0.9,0.5,0.1,110.2276641
0.9,0.5,0.2,116.2745252
0.9,0.5,0.3,120.8757803
0.9,0.5,0.4,123.7523177
0.9,0.5,0.5,124.7306747
0.9,0.5,0.6,123.7523177
0.9,0.5,0.7,120.8757803
0.9,0.5,0.8,116.2745252
0.9,0.5,0.9,110.2276641
0.9,0.5,1,103.0975385
0.9,0.6,0,93.09739061
0.9,0.6,0.1,99.00180778
0.9,0.6,0.2,103.9881761
0.9,0.6,0.3,107.7731989
0.9,0.6,0.4,110.1366146
0.9,0.6,0.5,110.940087
0.9,0.6,0.6,110.1366146
0.9,0.6,0.7,107.7731989
0.9,0.6,0.8,103.9881761
0.9,0.6,0.9,99.00180778
0.9,0.6,1,93.09739061
0.9,0.7,0,83.5931785
0.9,0.7,0.1,88.42648901
0.9,0.7,0.2,92.48938232
0.9,0.7,0.3,95.56431559
0.9,0.7,0.4,97.48117896
0.9,0.7,0.5,98.13237653
0.9,0.7,0.6,97.48117896
0.9,0.7,0.7,95.56431559
0.9,0.7,0.8,92.48938232
0.9,0.7,0.9,88.42648901
0.9,0.7,1,83.5931785
0.9,0.8,0,74.84071897
0.9,0.8,0.1,78.77137753
0.9,0.8,0.2,82.05941403
0.9,0.8,0.3,84.53971785
0.9,0.8,0.4,86.08285018
0.9,0.8,0.5,86.60660799
0.9,0.8,0.6,86.08285018
0.9,0.8,0.7,84.53971785
0.9,0.8,0.8,82.05941403
0.9,0.8,0.9,78.77137753
0.9,0.8,1,74.84071897
0.9,0.9,0,66.94543314
0.9,0.9,0.1,70.13314047
0.9,0.9,0.2,72.78655999
0.9,0.9,0.3,74.7812105
0.9,0.9,0.4,76.01950418
0.9,0.9,0.5,76.43936257
0.9,0.9,0.6,76.01950418
0.9,0.9,0.7,74.7812105
0.9,0.9,0.8,72.78655999
0.9,0.9,0.9,70.13314047
0.9,0.9,1,66.94543314
0.9,1,0,59.91699567
0.9,1,0.1,62.50214984
0.9,1,0.2,64.64359865
0.9,1,0.3,66.24775727
0.9,1,0.4,67.24139527
0.9,1,0.5,67.57793258
0.9,1,0.6,67.24139527
0.9,1,0.7,66.24775727
0.9,1,0.8,64.64359865
0.9,1,0.9,62.50214984
0.9,1,1,59.91699567
1,0,0,113.1288837
1,0,0.1,121.5868621
1,0,0.2,128.7854739
1,0,0.3,134.2730439
1,0,0.4,137.7060169
1,0,0.5,138.8738152
1,0,0.6,137.7060169
1,0,0.7,134.2730439
1,0,0.8,128.7854739
1,0,0.9,121.5868621
1,0,1,113.1288837
1,0.1,0,111.9139106
1,0.1,0.1,120.2059271
1,0.1,0.2,127.2604714
1,0.1,0.3,132.6372182
1,0.1,0.4,136.0006737
1,0.1,0.5,137.1448191
1,0.1,0.6,136.0006737
1,0.1,0.7,132.6372182
1,0.1,0.8,127.2604714
1,0.1,0.9,120.2059271
1,0.1,1,111.9139106
1,0.2,0,108.4280676
1,0.2,0.1,116.25174
1,0.2,0.2,122.8998851
1,0.2,0.3,127.9639335
1,0.2,0.4,131.1311427
1,0.2,0.5,132.2084926
1,0.2,0.6,131.1311427
1,0.2,0.7,127.9639335
1,0.2,0.8,122.8998851
1,0.2,0.9,116.25174
1,0.2,1,108.4280676
1,0.3,0,103.0975385
1,0.3,0.1,110.2276641
1,0.3,0.2,116.2745252
1,0.3,0.3,120.8757803
1,0.3,0.4,123.7523177
1,0.3,0.5,124.7306747
1,0.3,0.6,123.7523177
1,0.3,0.7,120.8757803
1,0.3,0.8,116.2745252
1,0.3,0.9,110.2276641
1,0.3,1,103.0975385
1,0.4,0,96.49156196
1,0.4,0.1,102.8008243
1,0.4,0.2,108.1371013
1,0.4,0.3,112.1913967
1,0.4,0.4,114.7241348
1,0.4,0.5,115.5853315
1,0.4,0.6,114.7241348
1,0.4,0.7,112.1913967
1,0.4,0.8,108.1371013
1,0.4,0.9,102.8008243
1,0.4,1,96.49156196
1,0.5,0,89.18786764
1,0.5,0.1,94.64043447
1,0.5,0.2,99.23678665
1,0.5,0.3,102.7217851
1,0.5,0.4,104.896519
1,0.5,0.5,105.6356553
1,0.5,0.6,104.896519
1,0.5,0.7,102.7217851
1,0.5,0.8,99.23678665
1,0.5,0.9,94.64043447
1,0.5,1,89.18786764
1,0.6,0,81.67750699
1,0.6,0.1,86.30628791
1,0.6,0.2,90.19329783
1,0.6,0.3,93.13313586
1,0.6,0.4,94.96506096
1,0.6,0.5,95.58729263
1,0.6,0.6,94.96506096
1,0.6,0.7,93.13313586
1,0.6,0.8,90.19329783
1,0.6,0.9,86.30628791
1,0.6,1,81.67750699
1,0.7,0,74.3236754
1,0.7,0.1,78.20358414
1,0.7,0.2,81.44817047
1,0.7,0.3,83.89517759
1,0.7,0.4,85.41739544
1,0.7,0.5,85.93402291
1,0.7,0.6,85.41739544
1,0.7,0.7,83.89517759
1,0.7,0.8,81.44817047
1,0.7,0.9,78.20358414
1,0.7,1,74.3236754
1,0.8,0,67.36239594
1,0.8,0.1,70.58760981
1,0.8,0.2,73.27298502
1,0.8,0.3,75.29205205
1,0.8,0.4,76.54565894
1,0.8,0.5,76.97073479
1,0.8,0.6,76.54565894
1,0.8,0.7,75.29205205
1,0.8,0.8,73.27298502
1,0.8,0.9,70.58760981
1,0.8,1,67.36239594
1,0.9,0,60.92503936
1,0.9,0.1,63.59314012
1,0.9,0.2,65.80489735
1,0.9,0.3,67.46259715
1,0.9,0.4,68.48974942
1,0.9,0.5,68.83769574
1,0.9,0.6,68.48974942
1,0.9,0.7,67.46259715
1,0.9,0.8,65.80489735
1,0.9,0.9,63.59314012
1,0.9,1,60.92503936
1,1,0,55.06683489
1,1,0.1,57.26945538
1,1,0.2,59.08745021
1,1,0.3,60.44570277
1,1,0.4,61.28557018
1,1,0.5,61.56978504
1,1,0.6,61.28557018
1,1,0.7,60.44570277
1,1,0.8,59.08745021
1,1,0.9,57.26945538
1,1,1,55.06683489
0,,,
0,,,
0,,,
0,,,
0,,,
0,,,
0,,,
0,,,
0,,,
0,,,
0,,,
0.1,,,
0.1,,,
0.1,,,
0.1,,,
0.1,,,
0.1,,,
0.1,,,
0.1,,,
0.1,,,
0.1,,,
0.1,,,
0.2,,,
0.2,,,
0.2,,,
0.2,,,
0.2,,,
0.2,,,
0.2,,,
0.2,,,
0.2,,,
0.2,,,
0.2,,,
0.3,,,
0.3,,,
0.3,,,
0.3,,,
0.3,,,
0.3,,,
0.3,,,
0.3,,,
0.3,,,
0.3,,,
0.3,,,
0.4,,,
0.4,,,
0.4,,,
0.4,,,
0.4,,,
0.4,,,
0.4,,,
0.4,,,
0.4,,,
0.4,,,
0.4,,,
0.5,,,
0.5,,,
0.5,,,
0.5,,,
0.5,,,
0.5,,,
0.5,,,
0.5,,,
0.5,,,
0.5,,,
0.5,,,
0.6,,,
0.6,,,
0.6,,,
0.6,,,
0.6,,,
0.6,,,
0.6,,,
0.6,,,
0.6,,,
0.6,,,
0.6,,,
0.7,,,
0.7,,,
0.7,,,
0.7,,,
0.7,,,
0.7,,,
0.7,,,
0.7,,,
0.7,,,
0.7,,,
0.7,,,
0.8,,,
0.8,,,
0.8,,,
0.8,,,
0.8,,,
0.8,,,
0.8,,,
0.8,,,
0.8,,,
0.8,,,
0.8,,,
0.9,,,
0.9,,,
0.9,,,
0.9,,,
0.9,,,
0.9,,,
0.9,,,
0.9,,,
0.9,,,
0.9,,,
0.9,,,
1,,,
1,,,
1,,,
1,,,
1,,,
1,,,
1,,,
1,,,
1,,,
1,,,
1,,,
0,,,
0,,,
0,,,
0,,,
0,,,
0,,,
0,,,
0,,,
0,,,
0,,,
0,,,
0.1,,,
0.1,,,
0.1,,,
0.1,,,
0.1,,,
0.1,,,
0.1,,,
0.1,,,
0.1,,,
0.1,,,
0.1,,,
0.2,,,
0.2,,,
0.2,,,
0.2,,,
0.2,,,
0.2,,,
0.2,,,
0.2,,,
0.2,,,
0.2,,,
0.2,,,
0.3,,,
0.3,,,
0.3,,,
0.3,,,
0.3,,,
0.3,,,
0.3,,,
0.3,,,
0.3,,,
0.3,,,
0.3,,,
0.4,,,
0.4,,,
0.4,,,
0.4,,,
0.4,,,
0.4,,,
0.4,,,
0.4,,,
0.4,,,
0.4,,,
0.4,,,
0.5,,,
0.5,,,
0.5,,,
0.5,,,
0.5,,,
0.5,,,
0.5,,,
0.5,,,
0.5,,,
0.5,,,
0.5,,,
0.6,,,
0.6,,,
0.6,,,
0.6,,,
0.6,,,
0.6,,,
0.6,,,
0.6,,,
0.6,,,
0.6,,,
0.6,,,
0.7,,,
0.7,,,
0.7,,,
0.7,,,
0.7,,,
0.7,,,
0.7,,,
0.7,,,
0.7,,,
0.7,,,
0.7,,,
0.8,,,
0.8,,,
0.8,,,
0.8,,,
0.8,,,
0.8,,,
0.8,,,
0.8,,,
0.8,,,
0.8,,,
0.8,,,
0.9,,,
0.9,,,
0.9,,,
0.9,,,
0.9,,,
0.9,,,
0.9,,,
0.9,,,
0.9,,,
0.9,,,
0.9,,,
1,,,
1,,,
1,,,
1,,,
1,,,
1,,,
1,,,
1,,,
1,,,
1,,,
1,,,
0,,,
0,,,
0,,,
0,,,
0,,,
0,,,
0,,,
0,,,
0,,,
0,,,
0,,,
0.1,,,
0.1,,,
0.1,,,
0.1,,,
0.1,,,
0.1,,,
0.1,,,
0.1,,,
0.1,,,
0.1,,,
0.1,,,
0.2,,,
0.2,,,
0.2,,,
0.2,,,
0.2,,,
0.2,,,
0.2,,,
0.2,,,
0.2,,,
0.2,,,
0.2,,,
0.3,,,
0.3,,,
0.3,,,
0.3,,,
0.3,,,
0.3,,,
0.3,,,
0.3,,,
0.3,,,
0.3,,,
0.3,,,
0.4,,,
0.4,,,
0.4,,,
0.4,,,
0.4,,,
0.4,,,
0.4,,,
0.4,,,
0.4,,,
0.4,,,
0.4,,,
0.5,,,
0.5,,,
0.5,,,
0.5,,,
0.5,,,
0.5,,,
0.5,,,
0.5,,,
0.5,,,
0.5,,,
0.5,,,
0.6,,,
0.6,,,
0.6,,,
0.6,,,
0.6,,,
0.6,,,
0.6,,,
0.6,,,
0.6,,,
0.6,,,
0.6,,,
0.7,,,
0.7,,,
0.7,,,
0.7,,,
0.7,,,
0.7,,,
0.7,,,
0.7,,,
0.7,,,
0.7,,,
0.7,,,
0.8,,,
0.8,,,
0.8,,,
0.8,,,
0.8,,,
0.8,,,
0.8,,,
0.8,,,
0.8,,,
0.8,,,
0.8,,,
0.9,,,
0.9,,,
0.9,,,
0.9,,,
0.9,,,
0.9,,,
0.9,,,
0.9,,,
0.9,,,
0.9,,,
0.9,,,
1,,,
1,,,
1,,,
1,,,
1,,,
1,,,
1,,,
1,,,
1,,,
1,,,
1,,,
0,,,
0,,,
0,,,
0,,,
0,,,
0,,,
0,,,
0,,,
0,,,
0,,,
0,,,
0.1,,,
0.1,,,
0.1,,,
0.1,,,
0.1,,,
0.1,,,
0.1,,,
0.1,,,
0.1,,,
0.1,,,
0.1,,,
0.2,,,
0.2,,,
0.2,,,
0.2,,,
0.2,,,
0.2,,,
0.2,,,
0.2,,,
0.2,,,
0.2,,,
0.2,,,
0.3,,,
0.3,,,
0.3,,,
0.3,,,
0.3,,,
0.3,,,
0.3,,,
0.3,,,
0.3,,,
0.3,,,
0.3,,,
0.4,,,
0.4,,,
0.4,,,
0.4,,,
0.4,,,
0.4,,,
0.4,,,
0.4,,,
0.4,,,
0.4,,,
0.4,,,
0.5,,,
0.5,,,
0.5,,,
0.5,,,
0.5,,,
0.5,,,
0.5,,,
0.5,,,
0.5,,,
0.5,,,
0.5,,,
0.6,,,
0.6,,,
0.6,,,
0.6,,,
0.6,,,
0.6,,,
0.6,,,
0.6,,,
0.6,,,
0.6,,,
0.6,,,
0.7,,,
0.7,,,
0.7,,,
0.7,,,
0.7,,,
0.7,,,
0.7,,,
0.7,,,
0.7,,,
0.7,,,
0.7,,,
0.8,,,
0.8,,,
0.8,,,
0.8,,,
0.8,,,
0.8,,,
0.8,,,
0.8,,,
0.8,,,
0.8,,,
0.8,,,
0.9,,,
0.9,,,
0.9,,,
0.9,,,
0.9,,,
0.9,,,
0.9,,,
0.9,,,
0.9,,,
0.9,,,
0.9,,,
1,,,
1,,,
1,,,
1,,,
1,,,
1,,,
1,,,
1,,,
1,,,
1,,,
1,,,
0,,,
0,,,
0,,,
0,,,
0,,,
0,,,
0,,,
0,,,
0,,,
0,,,
0,,,
0.1,,,
0.1,,,
0.1,,,
0.1,,,
0.1,,,
0.1,,,
0.1,,,
0.1,,,
0.1,,,
0.1,,,
0.1,,,
0.2,,,
0.2,,,
0.2,,,
0.2,,,
0.2,,,
0.2,,,
0.2,,,
0.2,,,
0.2,,,
0.2,,,
0.2,,,
0.3,,,
0.3,,,
0.3,,,
0.3,,,
0.3,,,
0.3,,,
0.3,,,
0.3,,,
0.3,,,
0.3,,,
0.3,,,
0.4,,,
0.4,,,
0.4,,,
0.4,,,
0.4,,,
0.4,,,
0.4,,,
0.4,,,
0.4,,,
0.4,,,
0.4,,,
0.5,,,
0.5,,,
0.5,,,
0.5,,,
0.5,,,
0.5,,,
0.5,,,
0.5,,,
0.5,,,
0.5,,,
0.5,,,
0.6,,,
0.6,,,
0.6,,,
0.6,,,
0.6,,,
0.6,,,
0.6,,,
0.6,,,
0.6,,,
0.6,,,
0.6,,,
0.7,,,
0.7,,,
0.7,,,
0.7,,,
0.7,,,
0.7,,,
0.7,,,
0.7,,,
0.7,,,
0.7,,,
0.7,,,
0.8,,,
0.8,,,
0.8,,,
0.8,,,
0.8,,,
0.8,,,
0.8,,,
0.8,,,
0.8,,,
0.8,,,
0.8,,,
0.9,,,
0.9,,,
0.9,,,
0.9,,,
0.9,,,
0.9,,,
0.9,,,
0.9,,,
0.9,,,
0.9,,,
0.9,,,
1,,,
1,,,
1,,,
1,,,
1,,,
1,,,
1,,,
1,,,
1,,,
1,,,
1,,,
0,,,
0,,,
0,,,
0,,,
0,,,
0,,,
0,,,
0,,,
0,,,
0,,,
0,,,
0.1,,,
0.1,,,
0.1,,,
0.1,,,
0.1,,,
0.1,,,
0.1,,,
0.1,,,
0.1,,,
0.1,,,
0.1,,,
0.2,,,
0.2,,,
0.2,,,
0.2,,,
0.2,,,
0.2,,,
0.2,,,
0.2,,,
0.2,,,
0.2,,,
0.2,,,
0.3,,,
0.3,,,
0.3,,,
0.3,,,
0.3,,,
0.3,,,
0.3,,,
0.3,,,
0.3,,,
0.3,,,
0.3,,,
0.4,,,
0.4,,,
0.4,,,
0.4,,,
0.4,,,
0.4,,,
0.4,,,
0.4,,,
0.4,,,
0.4,,,
0.4,,,
0.5,,,
0.5,,,
0.5,,,
0.5,,,
0.5,,,
0.5,,,
0.5,,,
0.5,,,
0.5,,,
0.5,,,
0.5,,,
0.6,,,
0.6,,,
0.6,,,
0.6,,,
0.6,,,
0.6,,,
0.6,,,
0.6,,,
0.6,,,
0.6,,,
0.6,,,
0.7,,,
0.7,,,
0.7,,,
0.7,,,
0.7,,,
0.7,,,
0.7,,,
0.7,,,
0.7,,,
0.7,,,
0.7,,,
0.8,,,
0.8,,,
0.8,,,
0.8,,,
0.8,,,
0.8,,,
0.8,,,
0.8,,,
0.8,,,
0.8,,,
0.8,,,
0.9,,,
0.9,,,
0.9,,,
0.9,,,
0.9,,,
0.9,,,
0.9,,,
0.9,,,
0.9,,,
0.9,,,
0.9,,,
1,,,
1,,,
1,,,
1,,,
1,,,
1,,,
1,,,
1,,,
1,,,
1,,,
1,,,
0,,,
0,,,
0,,,
0,,,
0,,,
0,,,
0,,,
0,,,
0,,,
0,,,
0,,,
0.1,,,
0.1,,,
0.1,,,
0.1,,,
0.1,,,
0.1,,,
0.1,,,
0.1,,,
0.1,,,
0.1,,,
0.1,,,
0.2,,,
0.2,,,
0.2,,,
0.2,,,
0.2,,,
0.2,,,
0.2,,,
0.2,,,
0.2,,,
0.2,,,
0.2,,,
0.3,,,
0.3,,,
0.3,,,
0.3,,,
0.3,,,
0.3,,,
0.3,,,
0.3,,,
0.3,,,
0.3,,,
0.3,,,
0.4,,,
0.4,,,
0.4,,,
0.4,,,
0.4,,,
0.4,,,
0.4,,,
0.4,,,
0.4,,,
0.4,,,
0.4,,,
0.5,,,
0.5,,,
0.5,,,
0.5,,,
0.5,,,
0.5,,,
0.5,,,
0.5,,,
0.5,,,
0.5,,,
0.5,,,
0.6,,,
0.6,,,
0.6,,,
0.6,,,
0.6,,,
0.6,,,
0.6,,,
0.6,,,
0.6,,,
0.6,,,
0.6,,,
0.7,,,
0.7,,,
0.7,,,
0.7,,,
0.7,,,
0.7,,,
0.7,,,
0.7,,,
0.7,,,
0.7,,,
0.7,,,
0.8,,,
0.8,,,
0.8,,,
0.8,,,
0.8,,,
0.8,,,
0.8,,,
0.8,,,
0.8,,,
0.8,,,
0.8,,,
0.9,,,
0.9,,,
0.9,,,
0.9,,,
0.9,,,
0.9,,,
0.9,,,
0.9,,,
0.9,,,
0.9,,,
0.9,,,
1,,,
1,,,
1,,,
1,,,
1,,,
1,,,
1,,,
1,,,
1,,,
1,,,
1,,,
0,,,
0,,,
0,,,
0,,,
0,,,
0,,,
0,,,
0,,,
0,,,
0,,,
0,,,
0.1,,,
0.1,,,
0.1,,,
0.1,,,
0.1,,,
0.1,,,
0.1,,,
0.1,,,
0.1,,,
0.1,,,
0.1,,,
0.2,,,
0.2,,,
0.2,,,
0.2,,,
0.2,,,
0.2,,,
0.2,,,
0.2,,,
0.2,,,
0.2,,,
0.2,,,
0.3,,,
0.3,,,
0.3,,,
0.3,,,
0.3,,,
0.3,,,
0.3,,,
0.3,,,
0.3,,,
0.3,,,
0.3,,,
0.4,,,
0.4,,,
0.4,,,
0.4,,,
0.4,,,
0.4,,,
0.4,,,
0.4,,,
0.4,,,
0.4,,,
0.4,,,
0.5,,,
0.5,,,
0.5,,,
0.5,,,
0.5,,,
0.5,,,
0.5,,,
0.5,,,
0.5,,,
0.5,,,
0.5,,,
0.6,,,
0.6,,,
0.6,,,
0.6,,,
0.6,,,
0.6,,,
0.6,,,
0.6,,,
0.6,,,
0.6,,,
0.6,,,
0.7,,,
0.7,,,
0.7,,,
0.7,,,
0.7,,,
0.7,,,
0.7,,,
0.7,,,
0.7,,,
0.7,,,
0.7,,,
0.8,,,
0.8,,,
0.8,,,
0.8,,,
0.8,,,
0.8,,,
0.8,,,
0.8,,,
0.8,,,
0.8,,,
0.8,,,
0.9,,,
0.9,,,
0.9,,,
0.9,,,
0.9,,,
0.9,,,
0.9,,,
0.9,,,
0.9,,,
0.9,,,
0.9,,,
1,,,
1,,,
1,,,
1,,,
1,,,
1,,,
1,,,
1,,,
1,,,
1,,,
1,,,
0,,,
0,,,
0,,,
0,,,
0,,,
0,,,
0,,,
0,,,
0,,,
0,,,
0,,,
0.1,,,
0.1,,,
0.1,,,
0.1,,,
0.1,,,
0.1,,,
0.1,,,
0.1,,,
0.1,,,
0.1,,,
0.1,,,
0.2,,,
0.2,,,
0.2,,,
0.2,,,
0.2,,,
0.2,,,
0.2,,,
0.2,,,
0.2,,,
0.2,,,
0.2,,,
0.3,,,
0.3,,,
0.3,,,
0.3,,,
0.3,,,
0.3,,,
0.3,,,
0.3,,,
0.3,,,
0.3,,,
0.3,,,
0.4,,,
0.4,,,
0.4,,,
0.4,,,
0.4,,,
0.4,,,
0.4,,,
0.4,,,
0.4,,,
0.4,,,
0.4,,,
0.5,,,
0.5,,,
0.5,,,
0.5,,,
0.5,,,
0.5,,,
0.5,,,
0.5,,,
0.5,,,
0.5,,,
0.5,,,
0.6,,,
0.6,,,
0.6,,,
0.6,,,
0.6,,,
0.6,,,
0.6,,,
0.6,,,
0.6,,,
0.6,,,
0.6,,,
0.7,,,
0.7,,,
0.7,,,
0.7,,,
0.7,,,
0.7,,,
0.7,,,
0.7,,,
0.7,,,
0.7,,,
0.7,,,
0.8,,,
0.8,,,
0.8,,,
0.8,,,
0.8,,,
0.8,,,
0.8,,,
0.8,,,
0.8,,,
0.8,,,
0.8,,,
0.9,,,
0.9,,,
0.9,,,
0.9,,,
0.9,,,
0.9,,,
0.9,,,
0.9,,,
0.9,,,
0.9,,,
0.9,,,
1,,,
1,,,
1,,,
1,,,
1,,,
1,,,
1,,,
1,,,
1,,,
1,,,
1,,,
0,,,
0,,,
0,,,
0,,,
0,,,
0,,,
0,,,
0,,,
0,,,
0,,,
0,,,
0.1,,,
0.1,,,
0.1,,,
0.1,,,
0.1,,,
0.1,,,
0.1,,,
0.1,,,
0.1,,,
0.1,,,
0.1,,,
0.2,,,
0.2,,,
0.2,,,
0.2,,,
0.2,,,
0.2,,,
0.2,,,
0.2,,,
0.2,,,
0.2,,,
0.2,,,
0.3,,,
0.3,,,
0.3,,,
0.3,,,
0.3,,,
0.3,,,
0.3,,,
0.3,,,
0.3,,,
0.3,,,
0.3,,,
0.4,,,
0.4,,,
0.4,,,
0.4,,,
0.4,,,
0.4,,,
0.4,,,
0.4,,,
0.4,,,
0.4,,,
0.4,,,
0.5,,,
0.5,,,
0.5,,,
0.5,,,
0.5,,,
0.5,,,
0.5,,,
0.5,,,
0.5,,,
0.5,,,
0.5,,,
0.6,,,
0.6,,,
0.6,,,
0.6,,,
0.6,,,
0.6,,,
0.6,,,
0.6,,,
0.6,,,
0.6,,,
0.6,,,
0.7,,,
0.7,,,
0.7,,,
0.7,,,
0.7,,,
0.7,,,
0.7,,,
0.7,,,
0.7,,,
0.7,,,
0.7,,,
0.8,,,
0.8,,,
0.8,,,
0.8,,,
0.8,,,
0.8,,,
0.8,,,
0.8,,,
0.8,,,
0.8,,,
0.8,,,
0.9,,,
0.9,,,
0.9,,,
0.9,,,
0.9,,,
0.9,,,
0.9,,,
0.9,,,
0.9,,,
0.9,,,
0.9,,,
1,,,
1,,,
1,,,
1,,,
1,,,
1,,,
1,,,
1,,,
1,,,
1,,,
1,,,
0,,,
0,,,
0,,,
0,,,
0,,,
0,,,
0,,,
0,,,
0,,,
0,,,
0,,,
0.1,,,
0.1,,,
0.1,,,
0.1,,,
0.1,,,
0.1,,,
0.1,,,
0.1,,,
0.1,,,
0.1,,,
0.1,,,
0.2,,,
0.2,,,
0.2,,,
0.2,,,
0.2,,,
0.2,,,
0.2,,,
0.2,,,
0.2,,,
0.2,,,
0.2,,,
0.3,,,
0.3,,,
0.3,,,
0.3,,,
0.3,,,
0.3,,,
0.3,,,
0.3,,,
0.3,,,
0.3,,,
0.3,,,
0.4,,,
0.4,,,
0.4,,,
0.4,,,
0.4,,,
0.4,,,
0.4,,,
0.4,,,
0.4,,,
0.4,,,
0.4,,,
0.5,,,
0.5,,,
0.5,,,
0.5,,,
0.5,,,
0.5,,,
0.5,,,
0.5,,,
0.5,,,
0.5,,,
0.5,,,
0.6,,,
0.6,,,
0.6,,,
0.6,,,
0.6,,,
0.6,,,
0.6,,,
0.6,,,
0.6,,,
0.6,,,
0.6,,,
0.7,,,
0.7,,,
0.7,,,
0.7,,,
0.7,,,
0.7,,,
0.7,,,
0.7,,,
0.7,,,
0.7,,,
0.7,,,
0.8,,,
0.8,,,
0.8,,,
0.8,,,
0.8,,,
0.8,,,
0.8,,,
0.8,,,
0.8,,,
0.8,,,
0.8,,,
0.9,,,
0.9,,,
0.9,,,
0.9,,,
0.9,,,
0.9,,,
0.9,,,
0.9,,,
0.9,,,
0.9,,,
0.9,,,
1,,,
1,,,
1,,,
1,,,
1,,,
1,,,
1,,,
1,,,
1,,,
1,,,
1,,,
0,,,
0.1,,,
0.2,,,
0.3,,,
0.4,,,
0.5,,,
0.6,,,
0.7,,,
0.8,,,
0.9,,,
1,,,
0,,,
0.1,,,
0.2,,,
0.3,,,
0.4,,,
0.5,,,
0.6,,,
0.7,,,
0.8,,,
0.9,,,
1,,,
0,,,
0.1,,,
0.2,,,
0.3,,,
0.4,,,
0.5,,,
0.6,,,
0.7,,,
0.8,,,
0.9,,,
1,,,
0,,,
0.1,,,
0.2,,,
0.3,,,
0.4,,,
0.5,,,
0.6,,,
0.7,,,
0.8,,,
0.9,,,
1,,,
0,,,
0.1,,,
0.2,,,
0.3,,,
0.4,,,
0.5,,,
0.6,,,
0.7,,,
0.8,,,
0.9,,,
1,,,
0,,,
0.1,,,
0.2,,,
0.3,,,
0.4,,,
0.5,,,
0.6,,,
0.7,,,
0.8,,,
0.9,,,
1,,,
0,,,
0.1,,,
0.2,,,
0.3,,,
0.4,,,
0.5,,,
0.6,,,
0.7,,,
0.8,,,
0.9,,,
1,,,
0,,,
0.1,,,
0.2,,,
0.3,,,
0.4,,,
0.5,,,
0.6,,,
0.7,,,
0.8,,,
0.9,,,
1,,,
0,,,
0.1,,,
0.2,,,
0.3,,,
0.4,,,
0.5,,,
0.6,,,
0.7,,,
0.8,,,
0.9,,,
1,,,
0,,,
0.1,,,
0.2,,,
0.3,,,
0.4,,,
0.5,,,
0.6,,,
0.7,,,
0.8,,,
0.9,,,
1,,,
0,,,
0.1,,,
0.2,,,
0.3,,,
0.4,,,
0.5,,,
0.6,,,
0.7,,,
0.8,,,
0.9,,,
1,,,
0,,,
0.1,,,
0.2,,,
0.3,,,
0.4,,,
0.5,,,
0.6,,,
0.7,,,
0.8,,,
0.9,,,
1,,,
0,,,
0.1,,,
0.2,,,
0.3,,,
0.4,,,
0.5,,,
0.6,,,
0.7,,,
0.8,,,
0.9,,,
1,,,
0,,,
0.1,,,
0.2,,,
0.3,,,
0.4,,,
0.5,,,
0.6,,,
0.7,,,
0.8,,,
0.9,,,
1,,,
0,,,
0.1,,,
0.2,,,
0.3,,,
0.4,,,
0.5,,,
0.6,,,
0.7,,,
0.8,,,
0.9,,,
1,,,
0,,,
0.1,,,
0.2,,,
0.3,,,
0.4,,,
0.5,,,
0.6,,,
0.7,,,
0.8,,,
0.9,,,
1,,,
0,,,
0.1,,,
0.2,,,
0.3,,,
0.4,,,
0.5,,,
0.6,,,
0.7,,,
0.8,,,
0.9,,,
1,,,
0,,,
0.1,,,
0.2,,,
0.3,,,
0.4,,,
0.5,,,
0.6,,,
0.7,,,
0.8,,,
0.9,,,
1,,,
0,,,
0.1,,,
0.2,,,
0.3,,,
0.4,,,
0.5,,,
0.6,,,
0.7,,,
0.8,,,
0.9,,,
1,,,
0,,,
0.1,,,
0.2,,,
0.3,,,
0.4,,,
0.5,,,
0.6,,,
0.7,,,
0.8,,,
0.9,,,
1,,,
0,,,
0.1,,,
0.2,,,
0.3,,,
0.4,,,
0.5,,,
0.6,,,
0.7,,,
0.8,,,
0.9,,,
1,,,
0,,,
0.1,,,
0.2,,,
0.3,,,
0.4,,,
0.5,,,
0.6,,,
0.7,,,
0.8,,,
0.9,,,
1,,,
0,,,
0.1,,,
0.2,,,
0.3,,,
0.4,,,
0.5,,,
0.6,,,
0.7,,,
0.8,,,
0.9,,,
1,,,
0,,,
0.1,,,
0.2,,,
0.3,,,
0.4,,,
0.5,,,
0.6,,,
0.7,,,
0.8,,,
0.9,,,
1,,,
0,,,
0.1,,,
0.2,,,
0.3,,,
0.4,,,
0.5,,,
0.6,,,
0.7,,,
0.8,,,
0.9,,,
1,,,
0,,,
0.1,,,
0.2,,,
0.3,,,
0.4,,,
0.5,,,
0.6,,,
0.7,,,
0.8,,,
0.9,,,
1,,,
0,,,
0.1,,,
0.2,,,
0.3,,,
0.4,,,
0.5,,,
0.6,,,
0.7,,,
0.8,,,
0.9,,,
1,,,
0,,,
0.1,,,
0.2,,,
0.3,,,
0.4,,,
0.5,,,
0.6,,,
0.7,,,
0.8,,,
0.9,,,
1,,,
0,,,
0.1,,,
0.2,,,
0.3,,,
0.4,,,
0.5,,,
0.6,,,
0.7,,,
0.8,,,
0.9,,,
1,,,
0,,,
0.1,,,
0.2,,,
0.3,,,
0.4,,,
0.5,,,
0.6,,,
0.7,,,
0.8,,,
0.9,,,
1,,,
0,,,
0.1,,,
0.2,,,
0.3,,,
0.4,,,
0.5,,,
0.6,,,
0.7,,,
0.8,,,
0.9,,,
1,,,
0,,,
0.1,,,
0.2,,,
0.3,,,
0.4,,,
0.5,,,
0.6,,,
0.7,,,
0.8,,,
0.9,,,
1,,,
0,,,
0.1,,,
0.2,,,
0.3,,,
0.4,,,
0.5,,,
0.6,,,
0.7,,,
0.8,,,
0.9,,,
1,,,
0,,,
0.1,,,
0.2,,,
0.3,,,
0.4,,,
0.5,,,
0.6,,,
0.7,,,
0.8,,,
0.9,,,
1,,,
0,,,
0.1,,,
0.2,,,
0.3,,,
0.4,,,
0.5,,,
0.6,,,
0.7,,,
0.8,,,
0.9,,,
1,,,
0,,,
0.1,,,
0.2,,,
0.3,,,
0.4,,,
0.5,,,
0.6,,,
0.7,,,
0.8,,,
0.9,,,
1,,,
0,,,
0.1,,,
0.2,,,
0.3,,,
0.4,,,
0.5,,,
0.6,,,
0.7,,,
0.8,,,
0.9,,,
1,,,
0,,,
0.1,,,
0.2,,,
0.3,,,
0.4,,,
0.5,,,
0.6,,,
0.7,,,
0.8,,,
0.9,,,
1,,,
0,,,
0.1,,,
0.2,,,
0.3,,,
0.4,,,
0.5,,,
0.6,,,
0.7,,,
0.8,,,
0.9,,,
1,,,
0,,,
0.1,,,
0.2,,,
0.3,,,
0.4,,,
0.5,,,
0.6,,,
0.7,,,
0.8,,,
0.9,,,
1,,,
0,,,
0.1,,,
0.2,,,
0.3,,,
0.4,,,
0.5,,,
0.6,,,
0.7,,,
0.8,,,
0.9,,,
1,,,
0,,,
0.1,,,
0.2,,,
0.3,,,
0.4,,,
0.5,,,
0.6,,,
0.7,,,
0.8,,,
0.9,,,
1,,,
0,,,
0.1,,,
0.2,,,
0.3,,,
0.4,,,
0.5,,,
0.6,,,
0.7,,,
0.8,,,
0.9,,,
1,,,
0,,,
0.1,,,
0.2,,,
0.3,,,
0.4,,,
0.5,,,
0.6,,,
0.7,,,
0.8,,,
0.9,,,
1,,,
0,,,
0.1,,,
0.2,,,
0.3,,,
0.4,,,
0.5,,,
0.6,,,
0.7,,,
0.8,,,
0.9,,,
1,,,
0,,,
0.1,,,
0.2,,,
0.3,,,
0.4,,,
0.5,,,
0.6,,,
0.7,,,
0.8,,,
0.9,,,
1,,,
0,,,
0.1,,,
0.2,,,
0.3,,,
0.4,,,
0.5,,,
0.6,,,
0.7,,,
0.8,,,
0.9,,,
1,,,
0,,,
0.1,,,
0.2,,,
0.3,,,
0.4,,,
0.5,,,
0.6,,,
0.7,,,
0.8,,,
0.9,,,
1,,,
0,,,
0.1,,,
0.2,,,
0.3,,,
0.4,,,
0.5,,,
0.6,,,
0.7,,,
0.8,,,
0.9,,,
1,,,
0,,,
0.1,,,
0.2,,,
0.3,,,
0.4,,,
0.5,,,
0.6,,,
0.7,,,
0.8,,,
0.9,,,
1,,,
0,,,
0.1,,,
0.2,,,
0.3,,,
0.4,,,
0.5,,,
0.6,,,
0.7,,,
0.8,,,
0.9,,,
1,,,
0,,,
0.1,,,
0.2,,,
0.3,,,
0.4,,,
0.5,,,
0.6,,,
0.7,,,
0.8,,,
0.9,,,
1,,,
0,,,
0.1,,,
0.2,,,
0.3,,,
0.4,,,
0.5,,,
0.6,,,
0.7,,,
0.8,,,
0.9,,,
1,,,
0,,,
0.1,,,
0.2,,,
0.3,,,
0.4,,,
0.5,,,
0.6,,,
0.7,,,
0.8,,,
0.9,,,
1,,,
0,,,
0.1,,,
0.2,,,
0.3,,,
0.4,,,
0.5,,,
0.6,,,
0.7,,,
0.8,,,
0.9,,,
1,,,
0,,,
0.1,,,
0.2,,,
0.3,,,
0.4,,,
0.5,,,
0.6,,,
0.7,,,
0.8,,,
0.9,,,
1,,,
0,,,
0.1,,,
0.2,,,
0.3,,,
0.4,,,
0.5,,,
0.6,,,
0.7,,,
0.8,,,
0.9,,,
1,,,
0,,,
0.1,,,
0.2,,,
0.3,,,
0.4,,,
0.5,,,
0.6,,,
0.7,,,
0.8,,,
0.9,,,
1,,,
0,,,
0.1,,,
0.2,,,
0.3,,,
0.4,,,
0.5,,,
0.6,,,
0.7,,,
0.8,,,
0.9,,,
1,,,
0,,,
0.1,,,
0.2,,,
0.3,,,
0.4,,,
0.5,,,
0.6,,,
0.7,,,
0.8,,,
0.9,,,
1,,,
0,,,
0.1,,,
0.2,,,
0.3,,,
0.4,,,
0.5,,,
0.6,,,
0.7,,,
0.8,,,
0.9,,,
1,,,
0,,,
0.1,,,
0.2,,,
0.3,,,
0.4,,,
0.5,,,
0.6,,,
0.7,,,
0.8,,,
0.9,,,
1,,,
0,,,
0.1,,,
0.2,,,
0.3,,,
0.4,,,
0.5,,,
0.6,,,
0.7,,,
0.8,,,
0.9,,,
1,,,
0,,,
0.1,,,
0.2,,,
0.3,,,
0.4,,,
0.5,,,
0.6,,,
0.7,,,
0.8,,,
0.9,,,
1,,,
0,,,
0.1,,,
0.2,,,
0.3,,,
0.4,,,
0.5,,,
0.6,,,
0.7,,,
0.8,,,
0.9,,,
1,,,
0,,,
0.1,,,
0.2,,,
0.3,,,
0.4,,,
0.5,,,
0.6,,,
0.7,,,
0.8,,,
0.9,,,
1,,,
0,,,
0.1,,,
0.2,,,
0.3,,,
0.4,,,
0.5,,,
0.6,,,
0.7,,,
0.8,,,
0.9,,,
1,,,
0,,,
0.1,,,
0.2,,,
0.3,,,
0.4,,,
0.5,,,
0.6,,,
0.7,,,
0.8,,,
0.9,,,
1,,,
0,,,
0.1,,,
0.2,,,
0.3,,,
0.4,,,
0.5,,,
0.6,,,
0.7,,,
0.8,,,
0.9,,,
1,,,
0,,,
0.1,,,
0.2,,,
0.3,,,
0.4,,,
0.5,,,
0.6,,,
0.7,,,
0.8,,,
0.9,,,
1,,,
0,,,
0.1,,,
0.2,,,
0.3,,,
0.4,,,
0.5,,,
0.6,,,
0.7,,,
0.8,,,
0.9,,,
1,,,
0,,,
0.1,,,
0.2,,,
0.3,,,
0.4,,,
0.5,,,
0.6,,,
0.7,,,
0.8,,,
0.9,,,
1,,,
0,,,
0.1,,,
0.2,,,
0.3,,,
0.4,,,
0.5,,,
0.6,,,
0.7,,,
0.8,,,
0.9,,,
1,,,
0,,,
0.1,,,
0.2,,,
0.3,,,
0.4,,,
0.5,,,
0.6,,,
0.7,,,
0.8,,,
0.9,,,
1,,,
0,,,
0.1,,,
0.2,,,
0.3,,,
0.4,,,
0.5,,,
0.6,,,
0.7,,,
0.8,,,
0.9,,,
1,,,
0,,,
0.1,,,
0.2,,,
0.3,,,
0.4,,,
0.5,,,
0.6,,,
0.7,,,
0.8,,,
0.9,,,
1,,,
0,,,
0.1,,,
0.2,,,
0.3,,,
0.4,,,
0.5,,,
0.6,,,
0.7,,,
0.8,,,
0.9,,,
1,,,
0,,,
0.1,,,
0.2,,,
0.3,,,
0.4,,,
0.5,,,
0.6,,,
0.7,,,
0.8,,,
0.9,,,
1,,,
0,,,
0.1,,,
0.2,,,
0.3,,,
0.4,,,
0.5,,,
0.6,,,
0.7,,,
0.8,,,
0.9,,,
1,,,
0,,,
0.1,,,
0.2,,,
0.3,,,
0.4,,,
0.5,,,
0.6,,,
0.7,,,
0.8,,,
0.9,,,
1,,,
0,,,
0.1,,,
0.2,,,
0.3,,,
0.4,,,
0.5,,,
0.6,,,
0.7,,,
0.8,,,
0.9,,,
1,,,
0,,,
0.1,,,
0.2,,,
0.3,,,
0.4,,,
0.5,,,
0.6,,,
0.7,,,
0.8,,,
0.9,,,
1,,,
0,,,
0.1,,,
0.2,,,
0.3,,,
0.4,,,
0.5,,,
0.6,,,
0.7,,,
0.8,,,
0.9,,,
1,,,
0,,,
0.1,,,
0.2,,,
0.3,,,
0.4,,,
0.5,,,
0.6,,,
0.7,,,
0.8,,,
0.9,,,
1,,,
0,,,
0.1,,,
0.2,,,
0.3,,,
0.4,,,
0.5,,,
0.6,,,
0.7,,,
0.8,,,
0.9,,,
1,,,
0,,,
0.1,,,
0.2,,,
0.3,,,
0.4,,,
0.5,,,
0.6,,,
0.7,,,
0.8,,,
0.9,,,
1,,,
0,,,
0.1,,,
0.2,,,
0.3,,,
0.4,,,
0.5,,,
0.6,,,
0.7,,,
0.8,,,
0.9,,,
1,,,
0,,,
0.1,,,
0.2,,,
0.3,,,
0.4,,,
0.5,,,
0.6,,,
0.7,,,
0.8,,,
0.9,,,
1,,,
0,,,
0.1,,,
0.2,,,
0.3,,,
0.4,,,
0.5,,,
0.6,,,
0.7,,,
0.8,,,
0.9,,,
1,,,
0,,,
0.1,,,
0.2,,,
0.3,,,
0.4,,,
0.5,,,
0.6,,,
0.7,,,
0.8,,,
0.9,,,
1,,,
0,,,
0.1,,,
0.2,,,
0.3,,,
0.4,,,
0.5,,,
0.6,,,
0.7,,,
0.8,,,
0.9,,,
1,,,
0,,,
0.1,,,
0.2,,,
0.3,,,
0.4,,,
0.5,,,
0.6,,,
0.7,,,
0.8,,,
0.9,,,
1,,,
0,,,
0.1,,,
0.2,,,
0.3,,,
0.4,,,
0.5,,,
0.6,,,
0.7,,,
0.8,,,
0.9,,,
1,,,
0,,,
0.1,,,
0.2,,,
0.3,,,
0.4,,,
0.5,,,
0.6,,,
0.7,,,
0.8,,,
0.9,,,
1,,,
0,,,
0.1,,,
0.2,,,
0.3,,,
0.4,,,
0.5,,,
0.6,,,
0.7,,,
0.8,,,
0.9,,,
1,,,
0,,,
0.1,,,
0.2,,,
0.3,,,
0.4,,,
0.5,,,
0.6,,,
0.7,,,
0.8,,,
0.9,,,
1,,,
0,,,
0.1,,,
0.2,,,
0.3,,,
0.4,,,
0.5,,,
0.6,,,
0.7,,,
0.8,,,
0.9,,,
1,,,
0,,,
0.1,,,
0.2,,,
0.3,,,
0.4,,,
0.5,,,
0.6,,,
0.7,,,
0.8,,,
0.9,,,
1,,,
0,,,
0.1,,,
0.2,,,
0.3,,,
0.4,,,
0.5,,,
0.6,,,
0.7,,,
0.8,,,
0.9,,,
1,,,
0,,,
0.1,,,
0.2,,,
0.3,,,
0.4,,,
0.5,,,
0.6,,,
0.7,,,
0.8,,,
0.9,,,
1,,,
0,,,
0.1,,,
0.2,,,
0.3,,,
0.4,,,
0.5,,,
0.6,,,
0.7,,,
0.8,,,
0.9,,,
1,,,
0,,,
0.1,,,
0.2,,,
0.3,,,
0.4,,,
0.5,,,
0.6,,,
0.7,,,
0.8,,,
0.9,,,
1,,,
0,,,
0.1,,,
0.2,,,
0.3,,,
0.4,,,
0.5,,,
0.6,,,
0.7,,,
0.8,,,
0.9,,,
1,,,
0,,,
0.1,,,
0.2,,,
0.3,,,
0.4,,,
0.5,,,
0.6,,,
0.7,,,
0.8,,,
0.9,,,
1,,,
0,,,
0.1,,,
0.2,,,
0.3,,,
0.4,,,
0.5,,,
0.6,,,
0.7,,,
0.8,,,
0.9,,,
1,,,
0,,,
0.1,,,
0.2,,,
0.3,,,
0.4,,,
0.5,,,
0.6,,,
0.7,,,
0.8,,,
0.9,,,
1,,,
0,,,
0.1,,,
0.2,,,
0.3,,,
0.4,,,
0.5,,,
0.6,,,
0.7,,,
0.8,,,
0.9,,,
1,,,
0,,,
0.1,,,
0.2,,,
0.3,,,
0.4,,,
0.5,,,
0.6,,,
0.7,,,
0.8,,,
0.9,,,
1,,,
0,,,
0.1,,,
0.2,,,
0.3,,,
0.4,,,
0.5,,,
0.6,,,
0.7,,,
0.8,,,
0.9,,,
1,,,
0,,,
0.1,,,
0.2,,,
0.3,,,
0.4,,,
0.5,,,
0.6,,,
0.7,,,
0.8,,,
0.9,,,
1,,,
0,,,
0.1,,,
0.2,,,
0.3,,,
0.4,,,
0.5,,,
0.6,,,
0.7,,,
0.8,,,
0.9,,,
1,,,
0,,,
0.1,,,
0.2,,,
0.3,,,
0.4,,,
0.5,,,
0.6,,,
0.7,,,
0.8,,,
0.9,,,
1,,,
0,,,
0.1,,,
0.2,,,
0.3,,,
0.4,,,
0.5,,,
0.6,,,
0.7,,,
0.8,,,
0.9,,,
1,,,
0,,,
0.1,,,
0.2,,,
0.3,,,
0.4,,,
0.5,,,
0.6,,,
0.7,,,
0.8,,,
0.9,,,
1,,,
0,,,
0.1,,,
0.2,,,
0.3,,,
0.4,,,
0.5,,,
0.6,,,
0.7,,,
0.8,,,
0.9,,,
1,,,
0,,,
0.1,,,
0.2,,,
0.3,,,
0.4,,,
0.5,,,
0.6,,,
0.7,,,
0.8,,,
0.9,,,
1,,,
0,,,
0.1,,,
0.2,,,
0.3,,,
0.4,,,
0.5,,,
0.6,,,
0.7,,,
0.8,,,
0.9,,,
1,,,
0,,,
0.1,,,
0.2,,,
0.3,,,
0.4,,,
0.5,,,
0.6,,,
0.7,,,
0.8,,,
0.9,,,
1,,,
0,,,
0.1,,,
0.2,,,
0.3,,,
0.4,,,
0.5,,,
0.6,,,
0.7,,,
0.8,,,
0.9,,,
1,,,
0,,,
0.1,,,
0.2,,,
0.3,,,
0.4,,,
0.5,,,
0.6,,,
0.7,,,
0.8,,,
0.9,,,
1,,,
0,,,
0.1,,,
0.2,,,
0.3,,,
0.4,,,
0.5,,,
0.6,,,
0.7,,,
0.8,,,
0.9,,,
1,,,
1052.210721,,,
1475.301187,,,
1711.43026,,,
1825.470266,,,
1878.004057,,,
1893.422508,,,
1878.004057,,,
1825.470266,,,
1711.43026,,,
1475.301187,,,
1052.210721,,,
857.3459263,,,
1157.27061,,,
1346.183607,,,
1445.969564,,,
1493.902785,,,
1508.198581,,,
1493.902785,,,
1445.969564,,,
1346.183607,,,
1157.27061,,,
857.3459263,,,
588.6630427,,,
746.077999,,,
862.5376659,,,
934.100714,,,
971.561785,,,
983.1480614,,,
971.561785,,,
934.100714,,,
862.5376659,,,
746.077999,,,
588.6630427,,,
412.7385897,,,
497.6695005,,,
566.3933614,,,
613.4562532,,,
640.0534991,,,
648.5880161,,,
640.0534991,,,
613.4562532,,,
566.3933614,,,
497.6695005,,,
412.7385897,,,
303.2397012,,,
352.7371449,,,
394.4698264,,,
424.8451065,,,
442.9058012,,,
448.8602933,,,
442.9058012,,,
424.8451065,,,
394.4698264,,,
352.7371449,,,
303.2397012,,,
231.7093064,,,
262.494965,,,
288.8747342,,,
308.6720001,,,
320.7886354,,,
324.8506341,,,
320.7886354,,,
308.6720001,,,
288.8747342,,,
262.494965,,,
231.7093064,,,
182.5112244,,,
202.6335613,,,
219.9397006,,,
233.1026663,,,
241.2771941,,,
244.0424259,,,
241.2771941,,,
233.1026663,,,
219.9397006,,,
202.6335613,,,
182.5112244,,,
147.219044,,,
160.8866499,,,
172.6115028,,,
181.5657088,,,
187.1605647,,,
189.0610528,,,
187.1605647,,,
181.5657088,,,
172.6115028,,,
160.8866499,,,
147.219044,,,
121.0468204,,,
130.6204076,,,
138.7880151,,,
145.0204597,,,
148.9201497,,,
150.2466194,,,
148.9201497,,,
145.0204597,,,
138.7880151,,,
130.6204076,,,
121.0468204,,,
101.1155421,,,
107.9948573,,,
113.8244636,,,
118.2584846,,,
121.0299299,,,
121.9724812,,,
121.0299299,,,
118.2584846,,,
113.8244636,,,
107.9948573,,,
101.1155421,,,
85.60406577,,,
90.65621156,,,
94.90746768,,,
98.12714432,,,
100.1350236,,,
100.81726,,,
100.1350236,,,
98.12714432,,,
94.90746768,,,
90.65621156,,,
85.60406577,,,
3376.260207,,,
5821.831317,,,
6291.913301,,,
6449.403055,,,
6513.694068,,,
6531.806874,,,
6513.694068,,,
6449.403055,,,
6291.913301,,,
5821.831317,,,
3376.260207,,,
1448.967932,,,
2161.288123,,,
2475.083838,,,
2607.604471,,,
2665.521054,,,
2682.203373,,,
2665.521054,,,
2607.604471,,,
2475.083838,,,
2161.288123,,,
1448.967932,,,
736.2960127,,,
967.6932836,,,
1124.688821,,,
1213.139679,,,
1257.100282,,,
1270.393979,,,
1257.100282,,,
1213.139679,,,
1124.688821,,,
967.6932836,,,
736.2960127,,,
465.5311243,,,
570.2869299,,,
652.9949029,,,
707.8399779,,,
738.0897574,,,
747.6787368,,,
738.0897574,,,
707.8399779,,,
652.9949029,,,
570.2869299,,,
465.5311243,,,
327.0166683,,,
383.5306922,,,
430.8222678,,,
464.8271633,,,
484.8302639,,,
491.3861599,,,
484.8302639,,,
464.8271633,,,
430.8222678,,,
383.5306922,,,
327.0166683,,,
244.1269634,,,
277.8952954,,,
306.772993,,,
328.3473607,,,
341.492253,,,
345.8871686,,,
341.492253,,,
328.3473607,,,
306.772993,,,
277.8952954,,,
244.1269634,,,
189.6795979,,,
211.2378655,,,
229.777816,,,
243.8588222,,,
252.5882941,,,
255.5379635,,,
252.5882941,,,
243.8588222,,,
229.777816,,,
211.2378655,,,
189.6795979,,,
151.6636823,,,
166.086507,,,
178.4667383,,,
187.9194929,,,
193.8227728,,,
195.827248,,,
193.8227728,,,
187.9194929,,,
178.4667383,,,
166.086507,,,
151.6636823,,,
123.9538593,,,
133.951678,,,
142.4879403,,,
149.0034785,,,
153.0802779,,,
154.4668974,,,
153.0802779,,,
149.0034785,,,
142.4879403,,,
133.951678,,,
123.9538593,,,
103.0975385,,,
110.2276641,,,
116.2745252,,,
120.8757803,,,
123.7523177,,,
124.7306747,,,
123.7523177,,,
120.8757803,,,
116.2745252,,,
110.2276641,,,
103.0975385,,,
87.00122408,,,
92.20789563,,,
96.59226354,,,
99.91426153,,,
101.9864865,,,
102.690666,,,
101.9864865,,,
99.91426153,,,
96.59226354,,,
92.20789563,,,
87.00122408,,,
3376.260207,,,
5821.831317,,,
6291.913301,,,
6449.403055,,,
6513.694068,,,
6531.806874,,,
6513.694068,,,
6449.403055,,,
6291.913301,,,
5821.831317,,,
3376.260207,,,
1448.967932,,,
2161.288123,,,
2475.083838,,,
2607.604471,,,
2665.521054,,,
2682.203373,,,
2665.521054,,,
2607.604471,,,
2475.083838,,,
2161.288123,,,
1448.967932,,,
736.2960127,,,
967.6932836,,,
1124.688821,,,
1213.139679,,,
1257.100282,,,
1270.393979,,,
1257.100282,,,
1213.139679,,,
1124.688821,,,
967.6932836,,,
736.2960127,,,
465.5311243,,,
570.2869299,,,
652.9949029,,,
707.8399779,,,
738.0897574,,,
747.6787368,,,
738.0897574,,,
707.8399779,,,
652.9949029,,,
570.2869299,,,
465.5311243,,,
327.0166683,,,
383.5306922,,,
430.8222678,,,
464.8271633,,,
484.8302639,,,
491.3861599,,,
484.8302639,,,
464.8271633,,,
430.8222678,,,
383.5306922,,,
327.0166683,,,
244.1269634,,,
277.8952954,,,
306.772993,,,
328.3473607,,,
341.492253,,,
345.8871686,,,
341.492253,,,
328.3473607,,,
306.772993,,,
277.8952954,,,
244.1269634,,,
189.6795979,,,
211.2378655,,,
229.777816,,,
243.8588222,,,
252.5882941,,,
255.5379635,,,
252.5882941,,,
243.8588222,,,
229.777816,,,
211.2378655,,,
189.6795979,,,
151.6636823,,,
166.086507,,,
178.4667383,,,
187.9194929,,,
193.8227728,,,
195.827248,,,
193.8227728,,,
187.9194929,,,
178.4667383,,,
166.086507,,,
151.6636823,,,
123.9538593,,,
133.951678,,,
142.4879403,,,
149.0034785,,,
153.0802779,,,
154.4668974,,,
153.0802779,,,
149.0034785,,,
142.4879403,,,
133.951678,,,
123.9538593,,,
103.0975385,,,
110.2276641,,,
116.2745252,,,
120.8757803,,,
123.7523177,,,
124.7306747,,,
123.7523177,,,
120.8757803,,,
116.2745252,,,
110.2276641,,,
103.0975385,,,
87.00122408,,,
92.20789563,,,
96.59226354,,,
99.91426153,,,
101.9864865,,,
102.690666,,,
101.9864865,,,
99.91426153,,,
96.59226354,,,
92.20789563,,,
87.00122408,,,
1052.210721,,,
1475.301187,,,
1711.43026,,,
1825.470266,,,
1878.004057,,,
1893.422508,,,
1878.004057,,,
1825.470266,,,
1711.43026,,,
1475.301187,,,
1052.210721,,,
857.3459263,,,
1157.27061,,,
1346.183607,,,
1445.969564,,,
1493.902785,,,
1508.198581,,,
1493.902785,,,
1445.969564,,,
1346.183607,,,
1157.27061,,,
857.3459263,,,
588.6630427,,,
746.077999,,,
862.5376659,,,
934.100714,,,
971.561785,,,
983.1480614,,,
971.561785,,,
934.100714,,,
862.5376659,,,
746.077999,,,
588.6630427,,,
412.7385897,,,
497.6695005,,,
566.3933614,,,
613.4562532,,,
640.0534991,,,
648.5880161,,,
640.0534991,,,
613.4562532,,,
566.3933614,,,
497.6695005,,,
412.7385897,,,
303.2397012,,,
352.7371449,,,
394.4698264,,,
424.8451065,,,
442.9058012,,,
448.8602933,,,
442.9058012,,,
424.8451065,,,
394.4698264,,,
352.7371449,,,
303.2397012,,,
231.7093064,,,
262.494965,,,
288.8747342,,,
308.6720001,,,
320.7886354,,,
324.8506341,,,
320.7886354,,,
308.6720001,,,
288.8747342,,,
262.494965,,,
231.7093064,,,
182.5112244,,,
202.6335613,,,
219.9397006,,,
233.1026663,,,
241.2771941,,,
244.0424259,,,
241.2771941,,,
233.1026663,,,
219.9397006,,,
202.6335613,,,
182.5112244,,,
147.219044,,,
160.8866499,,,
172.6115028,,,
181.5657088,,,
187.1605647,,,
189.0610528,,,
187.1605647,,,
181.5657088,,,
172.6115028,,,
160.8866499,,,
147.219044,,,
121.0468204,,,
130.6204076,,,
138.7880151,,,
145.0204597,,,
148.9201497,,,
150.2466194,,,
148.9201497,,,
145.0204597,,,
138.7880151,,,
130.6204076,,,
121.0468204,,,
101.1155421,,,
107.9948573,,,
113.8244636,,,
118.2584846,,,
121.0299299,,,
121.9724812,,,
121.0299299,,,
118.2584846,,,
113.8244636,,,
107.9948573,,,
101.1155421,,,
85.60406577,,,
90.65621156,,,
94.90746768,,,
98.12714432,,,
100.1350236,,,
100.81726,,,
100.1350236,,,
98.12714432,,,
94.90746768,,,
90.65621156,,,
85.60406577,,,
588.6630427,,,
746.077999,,,
862.5376659,,,
934.100714,,,
971.561785,,,
983.1480614,,,
971.561785,,,
934.100714,,,
862.5376659,,,
746.077999,,,
588.6630427,,,
539.1223447,,,
674.3062852,,,
777.0785541,,,
842.1879109,,,
876.9628947,,,
887.8181219,,,
876.9628947,,,
842.1879109,,,
777.0785541,,,
674.3062852,,,
539.1223447,,,
437.1792021,,,
531.0744075,,,
606.215569,,,
656.9177756,,,
685.24784,,,
694.2862602,,,
685.24784,,,
656.9177756,,,
606.215569,,,
531.0744075,,,
437.1792021,,,
340.6626075,,,
401.3768454,,,
451.9444361,,,
488.0399659,,,
509.1397873,,,
516.0315085,,,
509.1397873,,,
488.0399659,,,
451.9444361,,,
401.3768454,,,
340.6626075,,,
265.9215887,,,
305.1985507,,,
338.6398447,,,
363.4045564,,,
378.3653872,,,
383.3426419,,,
378.3653872,,,
363.4045564,,,
338.6398447,,,
305.1985507,,,
265.9215887,,,
210.6864176,,,
236.6864889,,,
259.0205169,,,
275.8937486,,,
286.2927171,,,
289.7935864,,,
286.2927171,,,
275.8937486,,,
259.0205169,,,
236.6864889,,,
210.6864176,,,
169.8165274,,,
187.4978896,,,
202.6994401,,,
214.2856801,,,
221.5004076,,,
223.9452754,,,
221.5004076,,,
214.2856801,,,
202.6994401,,,
187.4978896,,,
169.8165274,,,
139.1181837,,,
151.4534352,,,
162.0211399,,,
170.0926816,,,
175.1397995,,,
176.8552517,,,
175.1397995,,,
170.0926816,,,
162.0211399,,,
151.4534352,,,
139.1181837,,,
115.6441749,,,
124.4501756,,,
131.9509781,,,
137.6709489,,,
141.2496402,,,
142.4670032,,,
141.2496402,,,
137.6709489,,,
131.9509781,,,
124.4501756,,,
115.6441749,,,
97.38078647,,,
103.7980233,,,
109.2276893,,,
113.353863,,,
115.9317933,,,
116.8083945,,,
115.9317933,,,
113.353863,,,
109.2276893,,,
103.7980233,,,
97.38078647,,,
82.94439019,,,
87.70799941,,,
91.71093514,,,
94.73980851,,,
96.62771134,,,
97.26903264,,,
96.62771134,,,
94.73980851,,,
91.71093514,,,
87.70799941,,,
82.94439019,,,
391.3928209,,,
468.802061,,,
532.0172913,,,
575.8600682,,,
600.8868309,,,
608.9589156,,,
600.8868309,,,
575.8600682,,,
532.0172913,,,
468.802061,,,
391.3928209,,,
372.5455493,,,
443.5560422,,,
501.9933975,,,
542.9687036,,,
566.5668043,,,
574.2134506,,,
566.5668043,,,
542.9687036,,,
501.9933975,,,
443.5560422,,,
372.5455493,,,
327.0166683,,,
383.5306922,,,
430.8222678,,,
464.8271633,,,
484.8302639,,,
491.3861599,,,
484.8302639,,,
464.8271633,,,
430.8222678,,,
383.5306922,,,
327.0166683,,,
274.2272098,,,
315.6936882,,,
350.9305814,,,
376.9305891,,,
392.5841603,,,
397.7816553,,,
392.5841603,,,
376.9305891,,,
350.9305814,,,
315.6936882,,,
274.2272098,,,
226.0195768,,,
255.4770155,,,
280.7385017,,,
299.7331607,,,
311.3814957,,,
315.2911246,,,
311.3814957,,,
299.7331607,,,
280.7385017,,,
255.4770155,,,
226.0195768,,,
186.0192857,,,
206.8391967,,,
224.7451351,,,
238.3549898,,,
246.8000212,,,
249.6552298,,,
246.8000212,,,
238.3549898,,,
224.7451351,,,
206.8391967,,,
186.0192857,,,
153.9965918,,,
168.8226032,,,
181.5525252,,,
191.2708599,,,
197.3381466,,,
199.3978555,,,
197.3381466,,,
191.2708599,,,
181.5525252,,,
168.8226032,,,
153.9965918,,,
128.6035896,,,
139.2960643,,,
148.4360753,,,
155.4148094,,,
159.7810365,,,
161.26587,,,
159.7810365,,,
155.4148094,,,
148.4360753,,,
139.2960643,,,
128.6035896,,,
108.4280676,,,
116.25174,,,
122.8998851,,,
127.9639335,,,
131.1311427,,,
132.2084926,,,
131.1311427,,,
127.9639335,,,
122.8998851,,,
116.25174,,,
108.4280676,,,
92.28724925,,,
98.09675452,,,
103.0011512,,,
106.7231047,,,
109.046858,,,
109.8368074,,,
109.046858,,,
106.7231047,,,
103.0011512,,,
98.09675452,,,
92.28724925,,,
79.25978337,,,
83.6359707,,,
87.30600347,,,
90.079272,,,
91.80648991,,,
92.39301535,,,
91.80648991,,,
90.079272,,,
87.30600347,,,
83.6359707,,,
79.25978337,,,
283.1591255,,,
327.0350237,,,
364.235695,,,
391.5738245,,,
407.9712645,,,
413.404071,,,
407.9712645,,,
391.5738245,,,
364.235695,,,
327.0350237,,,
283.1591255,,,
274.2272098,,,
315.6936882,,,
350.9305814,,,
376.9305891,,,
392.5841603,,,
397.7816553,,,
392.5841603,,,
376.9305891,,,
350.9305814,,,
315.6936882,,,
274.2272098,,,
250.925758,,,
286.3753659,,,
316.6528276,,,
339.2135037,,,
352.9239298,,,
357.5009742,,,
352.9239298,,,
339.2135037,,,
316.6528276,,,
286.3753659,,,
250.925758,,,
220.6358185,,,
248.8589304,,,
273.0779845,,,
291.3205894,,,
302.5279319,,,
306.2936521,,,
302.5279319,,,
291.3205894,,,
273.0779845,,,
248.8589304,,,
220.6358185,,,
189.6795979,,,
211.2378655,,,
229.777816,,,
243.8588222,,,
252.5882941,,,
255.5379635,,,
252.5882941,,,
243.8588222,,,
229.777816,,,
211.2378655,,,
189.6795979,,,
161.4868843,,,
177.6386603,,,
191.5173279,,,
202.1058824,,,
208.7090887,,,
210.9489713,,,
208.7090887,,,
202.1058824,,,
191.5173279,,,
177.6386603,,,
161.4868843,,,
137.2396923,,,
149.2742183,,,
159.5806208,,,
167.452445,,,
172.3753437,,,
174.0487707,,,
172.3753437,,,
167.452445,,,
159.5806208,,,
149.2742183,,,
137.2396923,,,
116.9466008,,,
125.9351499,,,
133.5944994,,,
139.4363663,,,
143.0914522,,,
144.3347915,,,
143.0914522,,,
139.4363663,,,
133.5944994,,,
125.9351499,,,
116.9466008,,,
100.1540811,,,
106.9131207,,,
112.6385841,,,
116.9924402,,,
119.7135002,,,
120.6388822,,,
119.7135002,,,
116.9924402,,,
112.6385841,,,
106.9131207,,,
100.1540811,,,
86.2967935,,,
91.42530174,,,
95.74232775,,,
99.01255755,,,
101.0522272,,,
101.7453048,,,
101.0522272,,,
99.01255755,,,
95.74232775,,,
91.42530174,,,
86.2967935,,,
74.84071897,,,
78.77137753,,,
82.05941403,,,
84.53971785,,,
86.08285018,,,
86.60660799,,,
86.08285018,,,
84.53971785,,,
82.05941403,,,
78.77137753,,,
74.84071897,,,
215.5323561,,,
242.605722,,,
265.8510514,,,
283.3878055,,,
294.1793333,,,
297.8089879,,,
294.1793333,,,
283.3878055,,,
265.8510514,,,
242.605722,,,
215.5323561,,,
210.6864176,,,
236.6864889,,,
259.0205169,,,
275.8937486,,,
286.2927171,,,
289.7935864,,,
286.2927171,,,
275.8937486,,,
259.0205169,,,
236.6864889,,,
210.6864176,,,
197.5014595,,,
220.6732138,,,
240.5954404,,,
255.6991946,,,
265.0434254,,,
268.1967119,,,
265.0434254,,,
255.6991946,,,
240.5954404,,,
220.6732138,,,
197.5014595,,,
179.1455443,,,
198.6079416,,,
215.3459446,,,
228.0845862,,,
236.0016358,,,
238.6810941,,,
236.0016358,,,
228.0845862,,,
215.3459446,,,
198.6079416,,,
179.1455443,,,
158.9037047,,,
174.5929081,,,
188.0709739,,,
198.3564523,,,
204.7732722,,,
206.9505476,,,
204.7732722,,,
198.3564523,,,
188.0709739,,,
174.5929081,,,
158.9037047,,,
139.1181837,,,
151.4534352,,,
162.0211399,,,
170.0926816,,,
175.1397995,,,
176.8552517,,,
175.1397995,,,
170.0926816,,,
162.0211399,,,
151.4534352,,,
139.1181837,,,
121.0468204,,,
130.6204076,,,
138.7880151,,,
145.0204597,,,
148.9201497,,,
150.2466194,,,
148.9201497,,,
145.0204597,,,
138.7880151,,,
130.6204076,,,
121.0468204,,,
105.1625724,,,
112.558104,,,
118.8349791,,,
123.6132835,,,
126.6010509,,,
127.6172967,,,
126.6010509,,,
123.6132835,,,
118.8349791,,,
112.558104,,,
105.1625724,,,
91.49161685,,,
97.20855864,,,
102.0330358,,,
105.6935045,,,
107.9785909,,,
108.7553561,,,
107.9785909,,,
105.6935045,,,
102.0330358,,,
97.20855864,,,
91.49161685,,,
79.85028087,,,
84.28758772,,,
88.01009673,,,
90.82364052,,,
92.57617349,,,
93.17133144,,,
92.57617349,,,
90.82364052,,,
88.01009673,,,
84.28758772,,,
79.85028087,,,
69.98031956,,,
73.44545863,,,
76.33546802,,,
78.5109944,,,
79.86276273,,,
80.32128899,,,
79.86276273,,,
78.5109944,,,
76.33546802,,,
73.44545863,,,
69.98031956,,,
169.8165274,,,
187.4978896,,,
202.6994401,,,
214.2856801,,,
221.5004076,,,
223.9452754,,,
221.5004076,,,
214.2856801,,,
202.6994401,,,
187.4978896,,,
169.8165274,,,
166.9376423,,,
184.0838278,,,
198.8228519,,,
210.0608259,,,
217.0624478,,,
219.4359565,,,
217.0624478,,,
210.0608259,,,
198.8228519,,,
184.0838278,,,
166.9376423,,,
158.9037047,,,
174.5929081,,,
188.0709739,,,
198.3564523,,,
204.7732722,,,
206.9505476,,,
204.7732722,,,
198.3564523,,,
188.0709739,,,
174.5929081,,,
158.9037047,,,
147.219044,,,
160.8866499,,,
172.6115028,,,
181.5657088,,,
187.1605647,,,
189.0610528,,,
187.1605647,,,
181.5657088,,,
172.6115028,,,
160.8866499,,,
147.219044,,,
133.640629,,,
145.1077384,,,
154.9210304,,,
162.4155932,,,
167.1035731,,,
168.6974637,,,
167.1035731,,,
162.4155932,,,
154.9210304,,,
145.1077384,,,
133.640629,,,
119.6466965,,,
129.0187481,,,
137.0112483,,,
143.1091638,,,
146.9246351,,,
148.2224899,,,
146.9246351,,,
143.1091638,,,
137.0112483,,,
129.0187481,,,
119.6466965,,,
106.2279387,,,
113.7620174,,,
120.1590079,,,
125.0297635,,,
128.0755993,,,
129.1116215,,,
128.0755993,,,
125.0297635,,,
120.1590079,,,
113.7620174,,,
106.2279387,,,
93.92245432,,,
99.92421456,,,
104.9946791,,,
108.8444112,,,
111.2485196,,,
112.0658658,,,
111.2485196,,,
108.8444112,,,
104.9946791,,,
99.92421456,,,
93.92245432,,,
82.94439019,,,
87.70799941,,,
91.71093514,,,
94.73980851,,,
96.62771134,,,
97.26903264,,,
96.62771134,,,
94.73980851,,,
91.71093514,,,
87.70799941,,,
82.94439019,,,
73.31129132,,,
77.0926737,,,
80.25294447,,,
82.63535619,,,
84.11700525,,,
84.61980238,,,
84.11700525,,,
82.63535619,,,
80.25294447,,,
77.0926737,,,
73.31129132,,,
64.9373523,,,
67.94716947,,,
70.44915831,,,
72.3281686,,,
73.4939592,,,
73.88911788,,,
73.4939592,,,
72.3281686,,,
70.44915831,,,
67.94716947,,,
64.9373523,,,
137.2396923,,,
149.2742183,,,
159.5806208,,,
167.452445,,,
172.3753437,,,
174.0487707,,,
172.3753437,,,
167.452445,,,
159.5806208,,,
149.2742183,,,
137.2396923,,,
135.4146249,,,
147.1599747,,,
157.2150809,,,
164.8947061,,,
169.6979671,,,
171.330898,,,
169.6979671,,,
164.8947061,,,
157.2150809,,,
147.1599747,,,
135.4146249,,,
130.2371333,,,
141.178321,,,
150.5345074,,,
157.678949,,,
162.1486044,,,
163.6685095,,,
162.1486044,,,
157.678949,,,
150.5345074,,,
141.178321,,,
130.2371333,,,
122.4820749,,,
132.2641384,,,
140.6129026,,,
146.9844822,,,
150.9712379,,,
152.3272814,,,
150.9712379,,,
146.9844822,,,
140.6129026,,,
132.2641384,,,
122.4820749,,,
113.1288837,,,
121.5868621,,,
128.7854739,,,
134.2730439,,,
137.7060169,,,
138.8738152,,,
137.7060169,,,
134.2730439,,,
128.7854739,,,
121.5868621,,,
113.1288837,,,
103.0975385,,,
110.2276641,,,
116.2745252,,,
120.8757803,,,
123.7523177,,,
124.7306747,,,
123.7523177,,,
120.8757803,,,
116.2745252,,,
110.2276641,,,
103.0975385,,,
93.09739061,,,
99.00180778,,,
103.9881761,,,
107.7731989,,,
110.1366146,,,
110.940087,,,
110.1366146,,,
107.7731989,,,
103.9881761,,,
99.00180778,,,
93.09739061,,,
83.5931785,,,
88.42648901,,,
92.48938232,,,
95.56431559,,,
97.48117896,,,
98.13237653,,,
97.48117896,,,
95.56431559,,,
92.48938232,,,
88.42648901,,,
83.5931785,,,
74.84071897,,,
78.77137753,,,
82.05941403,,,
84.53971785,,,
86.08285018,,,
86.60660799,,,
86.08285018,,,
84.53971785,,,
82.05941403,,,
78.77137753,,,
74.84071897,,,
66.94543314,,,
70.13314047,,,
72.78655999,,,
74.7812105,,,
76.01950418,,,
76.43936257,,,
76.01950418,,,
74.7812105,,,
72.78655999,,,
70.13314047,,,
66.94543314,,,
59.91699567,,,
62.50214984,,,
64.64359865,,,
66.24775727,,,
67.24139527,,,
67.57793258,,,
67.24139527,,,
66.24775727,,,
64.64359865,,,
62.50214984,,,
59.91699567,,,
113.1288837,,,
121.5868621,,,
128.7854739,,,
134.2730439,,,
137.7060169,,,
138.8738152,,,
137.7060169,,,
134.2730439,,,
128.7854739,,,
121.5868621,,,
113.1288837,,,
111.9139106,,,
120.2059271,,,
127.2604714,,,
132.6372182,,,
136.0006737,,,
137.1448191,,,
136.0006737,,,
132.6372182,,,
127.2604714,,,
120.2059271,,,
111.9139106,,,
108.4280676,,,
116.25174,,,
122.8998851,,,
127.9639335,,,
131.1311427,,,
132.2084926,,,
131.1311427,,,
127.9639335,,,
122.8998851,,,
116.25174,,,
108.4280676,,,
103.0975385,,,
110.2276641,,,
116.2745252,,,
120.8757803,,,
123.7523177,,,
124.7306747,,,
123.7523177,,,
120.8757803,,,
116.2745252,,,
110.2276641,,,
103.0975385,,,
96.49156196,,,
102.8008243,,,
108.1371013,,,
112.1913967,,,
114.7241348,,,
115.5853315,,,
114.7241348,,,
112.1913967,,,
108.1371013,,,
102.8008243,,,
96.49156196,,,
89.18786764,,,
94.64043447,,,
99.23678665,,,
102.7217851,,,
104.896519,,,
105.6356553,,,
104.896519,,,
102.7217851,,,
99.23678665,,,
94.64043447,,,
89.18786764,,,
81.67750699,,,
86.30628791,,,
90.19329783,,,
93.13313586,,,
94.96506096,,,
95.58729263,,,
94.96506096,,,
93.13313586,,,
90.19329783,,,
86.30628791,,,
81.67750699,,,
74.3236754,,,
78.20358414,,,
81.44817047,,,
83.89517759,,,
85.41739544,,,
85.93402291,,,
85.41739544,,,
83.89517759,,,
81.44817047,,,
78.20358414,,,
74.3236754,,,
67.36239594,,,
70.58760981,,,
73.27298502,,,
75.29205205,,,
76.54565894,,,
76.97073479,,,
76.54565894,,,
75.29205205,,,
73.27298502,,,
70.58760981,,,
67.36239594,,,
60.92503936,,,
63.59314012,,,
65.80489735,,,
67.46259715,,,
68.48974942,,,
68.83769574,,,
68.48974942,,,
67.46259715,,,
65.80489735,,,
63.59314012,,,
60.92503936,,,
55.06683489,,,
57.26945538,,,
59.08745021,,,
60.44570277,,,
61.28557018,,,
61.56978504,,,
61.28557018,,,
60.44570277,,,
59.08745021,,,
57.26945538,,,
55.06683489,,,
